[{"model": "contenttypes.contenttype", "pk": 1, "fields": {"app_label": "admin", "model": "logentry"}}, {"model": "contenttypes.contenttype", "pk": 2, "fields": {"app_label": "auth", "model": "permission"}}, {"model": "contenttypes.contenttype", "pk": 3, "fields": {"app_label": "auth", "model": "group"}}, {"model": "contenttypes.contenttype", "pk": 4, "fields": {"app_label": "contenttypes", "model": "contenttype"}}, {"model": "contenttypes.contenttype", "pk": 5, "fields": {"app_label": "sessions", "model": "session"}}, {"model": "contenttypes.contenttype", "pk": 6, "fields": {"app_label": "sites", "model": "site"}}, {"model": "contenttypes.contenttype", "pk": 7, "fields": {"app_label": "guardian", "model": "groupobjectpermission"}}, {"model": "contenttypes.contenttype", "pk": 8, "fields": {"app_label": "guardian", "model": "userobjectpermission"}}, {"model": "contenttypes.contenttype", "pk": 9, "fields": {"app_label": "authtoken", "model": "token"}}, {"model": "contenttypes.contenttype", "pk": 10, "fields": {"app_label": "users", "model": "customuser"}}, {"model": "contenttypes.contenttype", "pk": 11, "fields": {"app_label": "friendship", "model": "friend"}}, {"model": "contenttypes.contenttype", "pk": 12, "fields": {"app_label": "friendship", "model": "follow"}}, {"model": "contenttypes.contenttype", "pk": 13, "fields": {"app_label": "friendship", "model": "friendshiprequest"}}, {"model": "contenttypes.contenttype", "pk": 14, "fields": {"app_label": "groups", "model": "group"}}, {"model": "contenttypes.contenttype", "pk": 15, "fields": {"app_label": "posts", "model": "tag"}}, {"model": "contenttypes.contenttype", "pk": 16, "fields": {"app_label": "posts", "model": "post"}}, {"model": "contenttypes.contenttype", "pk": 17, "fields": {"app_label": "posts", "model": "like"}}, {"model": "contenttypes.contenttype", "pk": 18, "fields": {"app_label": "posts", "model": "comment"}}, {"model": "contenttypes.contenttype", "pk": 19, "fields": {"app_label": "posts", "model": "profileviews"}}, {"model": "contenttypes.contenttype", "pk": 20, "fields": {"app_label": "posts", "model": "hashtag"}}, {"model": "contenttypes.contenttype", "pk": 21, "fields": {"app_label": "posts", "model": "recommendation"}}, {"model": "contenttypes.contenttype", "pk": 22, "fields": {"app_label": "posts", "model": "bookmark"}}, {"model": "contenttypes.contenttype", "pk": 23, "fields": {"app_label": "posts", "model": "posttags"}}, {"model": "sessions.session", "pk": "bezchaucxxqtw59mz7rg7ap056nufj5j", "fields": {"session_data": "MTU5MDYwOGFiNmUzOTY0M2I1Y2VhZmJlZWVjMTdlYzEzYjUxOTMzMTp7Il9hdXRoX3VzZXJfYmFja2VuZCI6ImRqYW5nby5jb250cmliLmF1dGguYmFja2VuZHMuTW9kZWxCYWNrZW5kIiwiX2F1dGhfdXNlcl9oYXNoIjoiNTg5OWUzMzQ3ZjBkMWRjMTZhZWNjMjczNzA5MmViYmZlYmRiZmI5MSIsIl9hdXRoX3VzZXJfaWQiOiI5OTExNDgyNjY4In0=", "expire_date": "2020-07-30T14:29:33.113Z"}}, {"model": "sessions.session", "pk": "iljxm13uxss98eeoyqmcymllym040m5b", "fields": {"session_data": "ODNjZDU2YzVjMGYzYjE5MzkwZDcwZGM1YTgyYjJlNzgzZGY4Y2JhOTp7Il9hdXRoX3VzZXJfYmFja2VuZCI6ImRqYW5nby5jb250cmliLmF1dGguYmFja2VuZHMuTW9kZWxCYWNrZW5kIiwiX2F1dGhfdXNlcl9pZCI6Ijk5MTE0ODI2NjgiLCJfYXV0aF91c2VyX2hhc2giOiI1ODk5ZTMzNDdmMGQxZGMxNmFlY2MyNzM3MDkyZWJiZmViZGJmYjkxIn0=", "expire_date": "2020-07-31T19:41:43.614Z"}}, {"model": "sites.site", "pk": 1, "fields": {"domain": "example.com", "name": "example.com"}}, {"model": "auth.permission", "pk": 1, "fields": {"name": "Can add log entry", "content_type": 1, "codename": "add_logentry"}}, {"model": "auth.permission", "pk": 2, "fields": {"name": "Can change log entry", "content_type": 1, "codename": "change_logentry"}}, {"model": "auth.permission", "pk": 3, "fields": {"name": "Can delete log entry", "content_type": 1, "codename": "delete_logentry"}}, {"model": "auth.permission", "pk": 4, "fields": {"name": "Can view log entry", "content_type": 1, "codename": "view_logentry"}}, {"model": "auth.permission", "pk": 5, "fields": {"name": "Can add permission", "content_type": 2, "codename": "add_permission"}}, {"model": "auth.permission", "pk": 6, "fields": {"name": "Can change permission", "content_type": 2, "codename": "change_permission"}}, {"model": "auth.permission", "pk": 7, "fields": {"name": "Can delete permission", "content_type": 2, "codename": "delete_permission"}}, {"model": "auth.permission", "pk": 8, "fields": {"name": "Can view permission", "content_type": 2, "codename": "view_permission"}}, {"model": "auth.permission", "pk": 9, "fields": {"name": "Can add group", "content_type": 3, "codename": "add_group"}}, {"model": "auth.permission", "pk": 10, "fields": {"name": "Can change group", "content_type": 3, "codename": "change_group"}}, {"model": "auth.permission", "pk": 11, "fields": {"name": "Can delete group", "content_type": 3, "codename": "delete_group"}}, {"model": "auth.permission", "pk": 12, "fields": {"name": "Can view group", "content_type": 3, "codename": "view_group"}}, {"model": "auth.permission", "pk": 13, "fields": {"name": "Can add content type", "content_type": 4, "codename": "add_contenttype"}}, {"model": "auth.permission", "pk": 14, "fields": {"name": "Can change content type", "content_type": 4, "codename": "change_contenttype"}}, {"model": "auth.permission", "pk": 15, "fields": {"name": "Can delete content type", "content_type": 4, "codename": "delete_contenttype"}}, {"model": "auth.permission", "pk": 16, "fields": {"name": "Can view content type", "content_type": 4, "codename": "view_contenttype"}}, {"model": "auth.permission", "pk": 17, "fields": {"name": "Can add session", "content_type": 5, "codename": "add_session"}}, {"model": "auth.permission", "pk": 18, "fields": {"name": "Can change session", "content_type": 5, "codename": "change_session"}}, {"model": "auth.permission", "pk": 19, "fields": {"name": "Can delete session", "content_type": 5, "codename": "delete_session"}}, {"model": "auth.permission", "pk": 20, "fields": {"name": "Can view session", "content_type": 5, "codename": "view_session"}}, {"model": "auth.permission", "pk": 21, "fields": {"name": "Can add site", "content_type": 6, "codename": "add_site"}}, {"model": "auth.permission", "pk": 22, "fields": {"name": "Can change site", "content_type": 6, "codename": "change_site"}}, {"model": "auth.permission", "pk": 23, "fields": {"name": "Can delete site", "content_type": 6, "codename": "delete_site"}}, {"model": "auth.permission", "pk": 24, "fields": {"name": "Can view site", "content_type": 6, "codename": "view_site"}}, {"model": "auth.permission", "pk": 25, "fields": {"name": "Can add group object permission", "content_type": 7, "codename": "add_groupobjectpermission"}}, {"model": "auth.permission", "pk": 26, "fields": {"name": "Can change group object permission", "content_type": 7, "codename": "change_groupobjectpermission"}}, {"model": "auth.permission", "pk": 27, "fields": {"name": "Can delete group object permission", "content_type": 7, "codename": "delete_groupobjectpermission"}}, {"model": "auth.permission", "pk": 28, "fields": {"name": "Can view group object permission", "content_type": 7, "codename": "view_groupobjectpermission"}}, {"model": "auth.permission", "pk": 29, "fields": {"name": "Can add user object permission", "content_type": 8, "codename": "add_userobjectpermission"}}, {"model": "auth.permission", "pk": 30, "fields": {"name": "Can change user object permission", "content_type": 8, "codename": "change_userobjectpermission"}}, {"model": "auth.permission", "pk": 31, "fields": {"name": "Can delete user object permission", "content_type": 8, "codename": "delete_userobjectpermission"}}, {"model": "auth.permission", "pk": 32, "fields": {"name": "Can view user object permission", "content_type": 8, "codename": "view_userobjectpermission"}}, {"model": "auth.permission", "pk": 33, "fields": {"name": "Can add Token", "content_type": 9, "codename": "add_token"}}, {"model": "auth.permission", "pk": 34, "fields": {"name": "Can change Token", "content_type": 9, "codename": "change_token"}}, {"model": "auth.permission", "pk": 35, "fields": {"name": "Can delete Token", "content_type": 9, "codename": "delete_token"}}, {"model": "auth.permission", "pk": 36, "fields": {"name": "Can view Token", "content_type": 9, "codename": "view_token"}}, {"model": "auth.permission", "pk": 37, "fields": {"name": "Can add user", "content_type": 10, "codename": "add_customuser"}}, {"model": "auth.permission", "pk": 38, "fields": {"name": "Can change user", "content_type": 10, "codename": "change_customuser"}}, {"model": "auth.permission", "pk": 39, "fields": {"name": "Can delete user", "content_type": 10, "codename": "delete_customuser"}}, {"model": "auth.permission", "pk": 40, "fields": {"name": "Can view user", "content_type": 10, "codename": "view_customuser"}}, {"model": "auth.permission", "pk": 41, "fields": {"name": "Can add Friend", "content_type": 11, "codename": "add_friend"}}, {"model": "auth.permission", "pk": 42, "fields": {"name": "Can change Friend", "content_type": 11, "codename": "change_friend"}}, {"model": "auth.permission", "pk": 43, "fields": {"name": "Can delete Friend", "content_type": 11, "codename": "delete_friend"}}, {"model": "auth.permission", "pk": 44, "fields": {"name": "Can view Friend", "content_type": 11, "codename": "view_friend"}}, {"model": "auth.permission", "pk": 45, "fields": {"name": "Can add Following Relationship", "content_type": 12, "codename": "add_follow"}}, {"model": "auth.permission", "pk": 46, "fields": {"name": "Can change Following Relationship", "content_type": 12, "codename": "change_follow"}}, {"model": "auth.permission", "pk": 47, "fields": {"name": "Can delete Following Relationship", "content_type": 12, "codename": "delete_follow"}}, {"model": "auth.permission", "pk": 48, "fields": {"name": "Can view Following Relationship", "content_type": 12, "codename": "view_follow"}}, {"model": "auth.permission", "pk": 49, "fields": {"name": "Can add Friendship Request", "content_type": 13, "codename": "add_friendshiprequest"}}, {"model": "auth.permission", "pk": 50, "fields": {"name": "Can change Friendship Request", "content_type": 13, "codename": "change_friendshiprequest"}}, {"model": "auth.permission", "pk": 51, "fields": {"name": "Can delete Friendship Request", "content_type": 13, "codename": "delete_friendshiprequest"}}, {"model": "auth.permission", "pk": 52, "fields": {"name": "Can view Friendship Request", "content_type": 13, "codename": "view_friendshiprequest"}}, {"model": "auth.permission", "pk": 53, "fields": {"name": "Can add group", "content_type": 14, "codename": "add_group"}}, {"model": "auth.permission", "pk": 54, "fields": {"name": "Can change group", "content_type": 14, "codename": "change_group"}}, {"model": "auth.permission", "pk": 55, "fields": {"name": "Can delete group", "content_type": 14, "codename": "delete_group"}}, {"model": "auth.permission", "pk": 56, "fields": {"name": "Can view group", "content_type": 14, "codename": "view_group"}}, {"model": "auth.permission", "pk": 57, "fields": {"name": "Can add tag", "content_type": 15, "codename": "add_tag"}}, {"model": "auth.permission", "pk": 58, "fields": {"name": "Can change tag", "content_type": 15, "codename": "change_tag"}}, {"model": "auth.permission", "pk": 59, "fields": {"name": "Can delete tag", "content_type": 15, "codename": "delete_tag"}}, {"model": "auth.permission", "pk": 60, "fields": {"name": "Can view tag", "content_type": 15, "codename": "view_tag"}}, {"model": "auth.permission", "pk": 61, "fields": {"name": "Can add post", "content_type": 16, "codename": "add_post"}}, {"model": "auth.permission", "pk": 62, "fields": {"name": "Can change post", "content_type": 16, "codename": "change_post"}}, {"model": "auth.permission", "pk": 63, "fields": {"name": "Can delete post", "content_type": 16, "codename": "delete_post"}}, {"model": "auth.permission", "pk": 64, "fields": {"name": "Can view post", "content_type": 16, "codename": "view_post"}}, {"model": "auth.permission", "pk": 65, "fields": {"name": "Can add like", "content_type": 17, "codename": "add_like"}}, {"model": "auth.permission", "pk": 66, "fields": {"name": "Can change like", "content_type": 17, "codename": "change_like"}}, {"model": "auth.permission", "pk": 67, "fields": {"name": "Can delete like", "content_type": 17, "codename": "delete_like"}}, {"model": "auth.permission", "pk": 68, "fields": {"name": "Can view like", "content_type": 17, "codename": "view_like"}}, {"model": "auth.permission", "pk": 69, "fields": {"name": "Can add comment", "content_type": 18, "codename": "add_comment"}}, {"model": "auth.permission", "pk": 70, "fields": {"name": "Can change comment", "content_type": 18, "codename": "change_comment"}}, {"model": "auth.permission", "pk": 71, "fields": {"name": "Can delete comment", "content_type": 18, "codename": "delete_comment"}}, {"model": "auth.permission", "pk": 72, "fields": {"name": "Can view comment", "content_type": 18, "codename": "view_comment"}}, {"model": "auth.permission", "pk": 73, "fields": {"name": "Can add profile views", "content_type": 19, "codename": "add_profileviews"}}, {"model": "auth.permission", "pk": 74, "fields": {"name": "Can change profile views", "content_type": 19, "codename": "change_profileviews"}}, {"model": "auth.permission", "pk": 75, "fields": {"name": "Can delete profile views", "content_type": 19, "codename": "delete_profileviews"}}, {"model": "auth.permission", "pk": 76, "fields": {"name": "Can view profile views", "content_type": 19, "codename": "view_profileviews"}}, {"model": "auth.permission", "pk": 77, "fields": {"name": "Can add hash tag", "content_type": 20, "codename": "add_hashtag"}}, {"model": "auth.permission", "pk": 78, "fields": {"name": "Can change hash tag", "content_type": 20, "codename": "change_hashtag"}}, {"model": "auth.permission", "pk": 79, "fields": {"name": "Can delete hash tag", "content_type": 20, "codename": "delete_hashtag"}}, {"model": "auth.permission", "pk": 80, "fields": {"name": "Can view hash tag", "content_type": 20, "codename": "view_hashtag"}}, {"model": "auth.permission", "pk": 81, "fields": {"name": "Can add recommendation", "content_type": 21, "codename": "add_recommendation"}}, {"model": "auth.permission", "pk": 82, "fields": {"name": "Can change recommendation", "content_type": 21, "codename": "change_recommendation"}}, {"model": "auth.permission", "pk": 83, "fields": {"name": "Can delete recommendation", "content_type": 21, "codename": "delete_recommendation"}}, {"model": "auth.permission", "pk": 84, "fields": {"name": "Can view recommendation", "content_type": 21, "codename": "view_recommendation"}}, {"model": "auth.permission", "pk": 85, "fields": {"name": "Can add bookmark", "content_type": 22, "codename": "add_bookmark"}}, {"model": "auth.permission", "pk": 86, "fields": {"name": "Can change bookmark", "content_type": 22, "codename": "change_bookmark"}}, {"model": "auth.permission", "pk": 87, "fields": {"name": "Can delete bookmark", "content_type": 22, "codename": "delete_bookmark"}}, {"model": "auth.permission", "pk": 88, "fields": {"name": "Can view bookmark", "content_type": 22, "codename": "view_bookmark"}}, {"model": "auth.permission", "pk": 89, "fields": {"name": "Can add post tags", "content_type": 23, "codename": "add_posttags"}}, {"model": "auth.permission", "pk": 90, "fields": {"name": "Can change post tags", "content_type": 23, "codename": "change_posttags"}}, {"model": "auth.permission", "pk": 91, "fields": {"name": "Can delete post tags", "content_type": 23, "codename": "delete_posttags"}}, {"model": "auth.permission", "pk": 92, "fields": {"name": "Can view post tags", "content_type": 23, "codename": "view_posttags"}}, {"model": "users.customuser", "pk": 165654, "fields": {"password": "654897", "last_login": null, "is_superuser": false, "username": "lmno@gmail.com", "first_name": "lm", "last_name": "no", "email": "lmno@gmail.com", "is_staff": false, "is_active": true, "date_joined": "2020-07-17T14:56:27Z", "mobile_number": null, "profile_picture": "profile_pictures/passport-payment-receipt.png", "bio": null, "social_id": "aklsjdois", "account_type": "PUBLIC", "email_verified": false, "groups": [], "user_permissions": []}}, {"model": "users.customuser", "pk": 1234567890, "fields": {"password": "pbkdf2_sha256$120000$SYRub0n22n3R$0nluwPI2H2Il9uyuyVEl5/pnRhZ88RRUgjxyTTZJ9wY=", "last_login": null, "is_superuser": false, "username": "abcd@gmail.com", "first_name": "ab", "last_name": "cd", "email": "abcd@gmail.com", "is_staff": false, "is_active": true, "date_joined": "2020-07-16T14:29:43Z", "mobile_number": null, "profile_picture": "profile_pictures/piyush-4.png", "bio": null, "social_id": "kjbnjk64645", "account_type": "PUBLIC", "email_verified": false, "groups": [], "user_permissions": []}}, {"model": "users.customuser", "pk": 2605245408, "fields": {"password": "!GnMHUpo8xcQJR4fNNyZ8AXRUk14eSnAEEZrNKwif", "last_login": null, "is_superuser": false, "username": "AnonymousUser", "first_name": "", "last_name": "", "email": "", "is_staff": false, "is_active": true, "date_joined": "2020-07-16T14:12:37.288Z", "mobile_number": null, "profile_picture": "", "bio": null, "social_id": null, "account_type": "PRIVATE", "email_verified": false, "groups": [], "user_permissions": []}}, {"model": "users.customuser", "pk": 2704402901, "fields": {"password": "", "last_login": null, "is_superuser": false, "username": "socialtest1235@gmail.com", "first_name": "Rakesh", "last_name": "Sharma", "email": "socialtest1235@gmail.com", "is_staff": false, "is_active": true, "date_joined": "2020-07-17T15:12:23.039Z", "mobile_number": "", "profile_picture": "", "bio": null, "social_id": "8FOcL7fyUoTPHe4rqqOmbACQMqx2", "account_type": "PRIVATE", "email_verified": false, "groups": [], "user_permissions": []}}, {"model": "users.customuser", "pk": 5284434391, "fields": {"password": "", "last_login": null, "is_superuser": false, "username": "piyush.n.h@gmail.com", "first_name": "Piyush", "last_name": "Hanchate", "email": "piyush.n.h@gmail.com", "is_staff": false, "is_active": true, "date_joined": "2020-07-16T14:26:38.741Z", "mobile_number": "", "profile_picture": "", "bio": null, "social_id": "vCT9zXc7umUcXIZOh6fVuS0bIrH3", "account_type": "PRIVATE", "email_verified": false, "groups": [], "user_permissions": []}}, {"model": "users.customuser", "pk": 9911482668, "fields": {"password": "pbkdf2_sha256$120000$8RNBPKOtPMbd$MJb6gB395vep45e8i6zewLE55a+58ockdwfXUSyt/4k=", "last_login": "2020-07-17T19:41:43.488Z", "is_superuser": true, "username": "piyush", "first_name": "", "last_name": "", "email": "", "is_staff": true, "is_active": true, "date_joined": "2020-07-16T14:15:11.408Z", "mobile_number": null, "profile_picture": "", "bio": null, "social_id": null, "account_type": "PRIVATE", "email_verified": false, "groups": [], "user_permissions": []}}, {"model": "friendship.friendshiprequest", "pk": 5710393469, "fields": {"from_user": 5284434391, "to_user": 1234567890, "message": "", "created": "2020-07-18T08:58:30.888Z", "rejected": null, "viewed": null}}, {"model": "friendship.follow", "pk": 2726789142, "fields": {"follower": 5284434391, "followee": 1234567890, "created": "2020-07-17T18:54:58.233Z"}}, {"model": "friendship.follow", "pk": 5832033500, "fields": {"follower": 5284434391, "followee": 2704402901, "created": "2020-07-18T10:40:18.663Z"}}, {"model": "friendship.follow", "pk": 7985979783, "fields": {"follower": 5284434391, "followee": 165654, "created": "2020-07-17T19:11:08.784Z"}}, {"model": "posts.post", "pk": 2231, "fields": {"user": 1234567890, "description": "sdfhiduso", "image": "post/post/passport.jpg", "post_time": "2020-07-17T10:54:38.939Z", "location": "sdfsdf", "privacy_type": "FOLLOWERS"}}, {"model": "posts.post", "pk": 4798, "fields": {"user": 1234567890, "description": "werfwerfwer", "image": "post/post/outreach_GQRAKg0.jpg", "post_time": "2020-07-17T19:43:32.184Z", "location": "werwer", "privacy_type": "FOLLOWERS"}}, {"model": "posts.post", "pk": 5465, "fields": {"user": 1234567890, "description": "uhughg", "image": "post/post/passport-payment-receipt_QDMDDUy.jpg", "post_time": "2020-07-17T15:17:51.482Z", "location": ";lpouou", "privacy_type": "FOLLOWERS"}}, {"model": "posts.post", "pk": 5555, "fields": {"user": 2704402901, "description": "hbjhnn", "image": "post/post/dj_night_0fTFOqb.jpg", "post_time": "2020-07-18T10:40:56.887Z", "location": "hjbjbh", "privacy_type": "FOLLOWERS"}}, {"model": "posts.post", "pk": 5654, "fields": {"user": 1234567890, "description": "lbhvghjhujjh", "image": "post/post/pepsi_swag_logo.jpg", "post_time": "2020-07-17T15:24:00.552Z", "location": ";ojhu", "privacy_type": "FOLLOWERS"}}, {"model": "posts.post", "pk": 8996, "fields": {"user": 1234567890, "description": "ouyuhuyhvj", "image": "post/post/music.jpg", "post_time": "2020-07-17T15:19:10.609Z", "location": "ugugygjy", "privacy_type": "FOLLOWERS"}}, {"model": "posts.post", "pk": 12354, "fields": {"user": 1234567890, "description": "werfwerfwer", "image": "post/post/outreach_GQRAKg0.jpg", "post_time": "2020-07-17T10:54:10.317Z", "location": "werwer", "privacy_type": "FOLLOWERS"}}, {"model": "posts.post", "pk": 31543, "fields": {"user": 2704402901, "description": "hbujujhbh", "image": "post/post/header.jpg", "post_time": "2020-07-18T10:24:55.560Z", "location": "jnjn", "privacy_type": "FRIENDS"}}, {"model": "posts.post", "pk": 44444, "fields": {"user": 2704402901, "description": "werfwerfwer", "image": "post/post/LoginPerformance.jpg", "post_time": "2020-07-18T10:44:49.619Z", "location": "werwer", "privacy_type": "FOLLOWERS"}}, {"model": "posts.post", "pk": 45455, "fields": {"user": 1234567890, "description": "werfwerfwer", "image": "post/post/outreach_GQRAKg0.jpg", "post_time": "2020-07-17T19:43:21.826Z", "location": "werwer", "privacy_type": "FOLLOWERS"}}, {"model": "posts.post", "pk": 48848, "fields": {"user": 1234567890, "description": "hbjhnn", "image": "post/post/media_mentions.jpg", "post_time": "2020-07-17T13:41:33.038Z", "location": "hjbjbh", "privacy_type": "FOLLOWERS"}}, {"model": "posts.post", "pk": 55445, "fields": {"user": 1234567890, "description": "werfwerfwer", "image": "post/post/outreach_GQRAKg0.jpg", "post_time": "2020-07-17T19:42:10.551Z", "location": "werwer", "privacy_type": "FOLLOWERS"}}, {"model": "posts.post", "pk": 56546, "fields": {"user": 1234567890, "description": "hbjhnn", "image": "post/post/media_mentions.jpg", "post_time": "2020-07-17T13:49:24.383Z", "location": "hjbjbh", "privacy_type": "FOLLOWERS"}}, {"model": "posts.post", "pk": 111111, "fields": {"user": 2704402901, "description": "werfwerfwer", "image": "post/post/inci-footer_tLUHhVI.jpg", "post_time": "2020-07-18T10:34:27.420Z", "location": "werwer", "privacy_type": "FRIENDS"}}, {"model": "posts.post", "pk": 123546, "fields": {"user": 1234567890, "description": "werfwerfwer", "image": "post/post/outreach_GQRAKg0.jpg", "post_time": "2020-07-17T19:41:59.470Z", "location": "werwer", "privacy_type": "FOLLOWERS"}}, {"model": "posts.post", "pk": 165156, "fields": {"user": 1234567890, "description": "werfwerfwer", "image": "post/post/outreach_GQRAKg0.jpg", "post_time": "2020-07-17T19:42:27.283Z", "location": "werwer", "privacy_type": "FOLLOWERS"}}, {"model": "posts.post", "pk": 222222, "fields": {"user": 2704402901, "description": "jbguj", "image": "post/post/imps-asian-paints_cWeGZzr.jpg", "post_time": "2020-07-18T10:37:18.719Z", "location": "hjbjbh", "privacy_type": "FRIENDS"}}, {"model": "posts.post", "pk": 444545, "fields": {"user": 1234567890, "description": "werfwerfwer", "image": "post/post/outreach_GQRAKg0.jpg", "post_time": "2020-07-17T19:42:16.061Z", "location": "werwer", "privacy_type": "FOLLOWERS"}}, {"model": "posts.post", "pk": 488485, "fields": {"user": 165654, "description": "hbjhnn", "image": "post/post/Inci_Logo.jpg", "post_time": "2020-07-17T19:11:30.945Z", "location": "hjbjbh", "privacy_type": "FOLLOWERS"}}, {"model": "posts.post", "pk": 545665, "fields": {"user": 1234567890, "description": "werfwerfwer", "image": "post/post/outreach_GQRAKg0.jpg", "post_time": "2020-07-17T19:43:15.622Z", "location": "werwer", "privacy_type": "FOLLOWERS"}}, {"model": "posts.post", "pk": 564654, "fields": {"user": 2704402901, "description": "werfwerfwer", "image": "post/post/SE2.jpg", "post_time": "2020-07-18T10:29:51.694Z", "location": "werwer", "privacy_type": "FRIENDS"}}, {"model": "posts.post", "pk": 565465, "fields": {"user": 1234567890, "description": "jbguj", "image": "post/post/media_mentions.jpg", "post_time": "2020-07-17T19:05:44.195Z", "location": "hjbjbh", "privacy_type": "FOLLOWERS"}}, {"model": "posts.post", "pk": 565646, "fields": {"user": 1234567890, "description": "werfwerfwer", "image": "post/post/outreach_GQRAKg0.jpg", "post_time": "2020-07-17T19:43:27.214Z", "location": "werwer", "privacy_type": "FOLLOWERS"}}, {"model": "posts.post", "pk": 646546, "fields": {"user": 1234567890, "description": "werfwerfwer", "image": "post/post/outreach_GQRAKg0.jpg", "post_time": "2020-07-17T19:42:22.552Z", "location": "werwer", "privacy_type": "FOLLOWERS"}}, {"model": "posts.post", "pk": 864651, "fields": {"user": 1234567890, "description": "werfwerfwer", "image": "post/post/outreach_GQRAKg0.jpg", "post_time": "2020-07-17T19:42:05.391Z", "location": "werwer", "privacy_type": "FOLLOWERS"}}, {"model": "posts.post", "pk": 1212354, "fields": {"user": 2704402901, "description": "werfwerfwer", "image": "post/post/outreach_GQRAKg0.jpg", "post_time": "2020-07-17T19:42:32.411Z", "location": "werwer", "privacy_type": "FRIENDS"}}, {"model": "posts.post", "pk": 4884878, "fields": {"user": 1234567890, "description": "hbjhnn", "image": "post/post/media_mentions.jpg", "post_time": "2020-07-17T13:41:33.038Z", "location": "hjbjbh", "privacy_type": "FOLLOWERS"}}, {"model": "posts.post", "pk": 5654656, "fields": {"user": 1234567890, "description": "hbjhnn", "image": "post/post/media_mentions.jpg", "post_time": "2020-07-17T19:07:45.868Z", "location": "hjbjbh", "privacy_type": "FOLLOWERS"}}, {"model": "posts.post", "pk": 6465464654, "fields": {"user": 2704402901, "description": "werfwerfweru", "image": "post/post/imps-asian-paints.jpg", "post_time": "2020-07-18T10:27:16.514Z", "location": "werwer", "privacy_type": "FRIENDS"}}, {"model": "authtoken.token", "pk": "2d4d0f2ee8efa6859ec40a2f04ba734baa7b42b7", "fields": {"user": 5284434391, "created": "2020-07-16T14:26:38.784Z"}}, {"model": "authtoken.token", "pk": "6d74b48a0a59f894b442cbdbb98be12020dfa26f", "fields": {"user": 2704402901, "created": "2020-07-17T15:12:23.105Z"}}, {"model": "guardian.userobjectpermission", "pk": 20, "fields": {"permission": 63, "content_type": 16, "object_pk": "12354", "user": 1234567890}}, {"model": "guardian.userobjectpermission", "pk": 21, "fields": {"permission": 63, "content_type": 16, "object_pk": "2231", "user": 1234567890}}, {"model": "guardian.userobjectpermission", "pk": 22, "fields": {"permission": 63, "content_type": 16, "object_pk": "48848", "user": 1234567890}}, {"model": "guardian.userobjectpermission", "pk": 23, "fields": {"permission": 63, "content_type": 16, "object_pk": "4884878", "user": 1234567890}}, {"model": "guardian.userobjectpermission", "pk": 24, "fields": {"permission": 63, "content_type": 16, "object_pk": "56546", "user": 1234567890}}, {"model": "guardian.userobjectpermission", "pk": 27, "fields": {"permission": 63, "content_type": 16, "object_pk": "5465", "user": 1234567890}}, {"model": "guardian.userobjectpermission", "pk": 28, "fields": {"permission": 63, "content_type": 16, "object_pk": "8996", "user": 1234567890}}, {"model": "guardian.userobjectpermission", "pk": 29, "fields": {"permission": 63, "content_type": 16, "object_pk": "5654", "user": 1234567890}}, {"model": "guardian.userobjectpermission", "pk": 30, "fields": {"permission": 63, "content_type": 16, "object_pk": "565465", "user": 1234567890}}, {"model": "guardian.userobjectpermission", "pk": 31, "fields": {"permission": 63, "content_type": 16, "object_pk": "5654656", "user": 1234567890}}, {"model": "guardian.userobjectpermission", "pk": 32, "fields": {"permission": 63, "content_type": 16, "object_pk": "488485", "user": 165654}}, {"model": "guardian.userobjectpermission", "pk": 33, "fields": {"permission": 63, "content_type": 16, "object_pk": "123546", "user": 1234567890}}, {"model": "guardian.userobjectpermission", "pk": 34, "fields": {"permission": 63, "content_type": 16, "object_pk": "864651", "user": 1234567890}}, {"model": "guardian.userobjectpermission", "pk": 35, "fields": {"permission": 63, "content_type": 16, "object_pk": "55445", "user": 1234567890}}, {"model": "guardian.userobjectpermission", "pk": 36, "fields": {"permission": 63, "content_type": 16, "object_pk": "444545", "user": 1234567890}}, {"model": "guardian.userobjectpermission", "pk": 37, "fields": {"permission": 63, "content_type": 16, "object_pk": "646546", "user": 1234567890}}, {"model": "guardian.userobjectpermission", "pk": 38, "fields": {"permission": 63, "content_type": 16, "object_pk": "165156", "user": 1234567890}}, {"model": "guardian.userobjectpermission", "pk": 39, "fields": {"permission": 63, "content_type": 16, "object_pk": "1212354", "user": 1234567890}}, {"model": "guardian.userobjectpermission", "pk": 40, "fields": {"permission": 63, "content_type": 16, "object_pk": "545665", "user": 1234567890}}, {"model": "guardian.userobjectpermission", "pk": 41, "fields": {"permission": 63, "content_type": 16, "object_pk": "45455", "user": 1234567890}}, {"model": "guardian.userobjectpermission", "pk": 42, "fields": {"permission": 63, "content_type": 16, "object_pk": "565646", "user": 1234567890}}, {"model": "guardian.userobjectpermission", "pk": 43, "fields": {"permission": 63, "content_type": 16, "object_pk": "4798", "user": 1234567890}}, {"model": "guardian.userobjectpermission", "pk": 44, "fields": {"permission": 63, "content_type": 16, "object_pk": "6465464654", "user": 2704402901}}, {"model": "guardian.userobjectpermission", "pk": 45, "fields": {"permission": 63, "content_type": 16, "object_pk": "564654", "user": 2704402901}}, {"model": "guardian.userobjectpermission", "pk": 47, "fields": {"permission": 63, "content_type": 16, "object_pk": "111111", "user": 2704402901}}, {"model": "guardian.userobjectpermission", "pk": 48, "fields": {"permission": 63, "content_type": 16, "object_pk": "222222", "user": 2704402901}}, {"model": "guardian.userobjectpermission", "pk": 49, "fields": {"permission": 63, "content_type": 16, "object_pk": "5555", "user": 2704402901}}, {"model": "guardian.userobjectpermission", "pk": 50, "fields": {"permission": 63, "content_type": 16, "object_pk": "44444", "user": 2704402901}}, {"model": "admin.logentry", "pk": 1, "fields": {"action_time": "2020-07-16T14:30:42.639Z", "user": 9911482668, "content_type": 10, "object_id": "1234567890", "object_repr": "abcd@gmail.com", "action_flag": 1, "change_message": "[{\"added\": {}}]"}}, {"model": "admin.logentry", "pk": 2, "fields": {"action_time": "2020-07-17T10:54:10.467Z", "user": 9911482668, "content_type": 16, "object_id": "12354", "object_repr": "12354", "action_flag": 1, "change_message": "[{\"added\": {}}]"}}, {"model": "admin.logentry", "pk": 3, "fields": {"action_time": "2020-07-17T10:54:39.083Z", "user": 9911482668, "content_type": 16, "object_id": "2231", "object_repr": "2231", "action_flag": 1, "change_message": "[{\"added\": {}}]"}}, {"model": "admin.logentry", "pk": 4, "fields": {"action_time": "2020-07-17T13:40:28.498Z", "user": 9911482668, "content_type": 16, "object_id": "48848", "object_repr": "48848", "action_flag": 1, "change_message": "[{\"added\": {}}]"}}, {"model": "admin.logentry", "pk": 5, "fields": {"action_time": "2020-07-17T13:41:33.222Z", "user": 9911482668, "content_type": 16, "object_id": "4884878", "object_repr": "4884878", "action_flag": 2, "change_message": "[{\"changed\": {\"fields\": [\"post_id\"]}}]"}}, {"model": "admin.logentry", "pk": 6, "fields": {"action_time": "2020-07-17T13:44:24.035Z", "user": 9911482668, "content_type": 16, "object_id": "48848", "object_repr": "48848", "action_flag": 2, "change_message": "[{\"changed\": {\"fields\": [\"post_id\"]}}]"}}, {"model": "admin.logentry", "pk": 7, "fields": {"action_time": "2020-07-17T13:49:24.580Z", "user": 9911482668, "content_type": 16, "object_id": "56546", "object_repr": "56546", "action_flag": 2, "change_message": "[{\"changed\": {\"fields\": [\"post_id\"]}}]"}}, {"model": "admin.logentry", "pk": 8, "fields": {"action_time": "2020-07-17T14:57:06.351Z", "user": 9911482668, "content_type": 10, "object_id": "165654", "object_repr": "lmno@gmail.com", "action_flag": 1, "change_message": "[{\"added\": {}}]"}}, {"model": "admin.logentry", "pk": 9, "fields": {"action_time": "2020-07-17T15:13:36.865Z", "user": 9911482668, "content_type": 12, "object_id": "456465", "object_repr": "User #2704402901 follows #1234567890", "action_flag": 1, "change_message": "[{\"added\": {}}]"}}, {"model": "admin.logentry", "pk": 10, "fields": {"action_time": "2020-07-17T15:17:51.640Z", "user": 9911482668, "content_type": 16, "object_id": "5465", "object_repr": "5465", "action_flag": 1, "change_message": "[{\"added\": {}}]"}}, {"model": "admin.logentry", "pk": 11, "fields": {"action_time": "2020-07-17T15:19:10.698Z", "user": 9911482668, "content_type": 16, "object_id": "8996", "object_repr": "8996", "action_flag": 1, "change_message": "[{\"added\": {}}]"}}, {"model": "admin.logentry", "pk": 12, "fields": {"action_time": "2020-07-17T15:24:00.693Z", "user": 9911482668, "content_type": 16, "object_id": "5654", "object_repr": "5654", "action_flag": 1, "change_message": "[{\"added\": {}}]"}}, {"model": "admin.logentry", "pk": 13, "fields": {"action_time": "2020-07-17T18:50:11.628Z", "user": 9911482668, "content_type": 12, "object_id": "5013991171", "object_repr": "User #2704402901 follows #1234567890", "action_flag": 3, "change_message": ""}}, {"model": "admin.logentry", "pk": 14, "fields": {"action_time": "2020-07-17T18:50:11.736Z", "user": 9911482668, "content_type": 12, "object_id": "4029576485", "object_repr": "User #5284434391 follows #1234567890", "action_flag": 3, "change_message": ""}}, {"model": "admin.logentry", "pk": 15, "fields": {"action_time": "2020-07-17T18:52:27.354Z", "user": 9911482668, "content_type": 16, "object_id": "48848", "object_repr": "48848", "action_flag": 2, "change_message": "[{\"changed\": {\"fields\": [\"post_id\"]}}]"}}, {"model": "admin.logentry", "pk": 16, "fields": {"action_time": "2020-07-17T19:05:44.449Z", "user": 9911482668, "content_type": 16, "object_id": "565465", "object_repr": "565465", "action_flag": 2, "change_message": "[{\"changed\": {\"fields\": [\"post_id\"]}}]"}}, {"model": "admin.logentry", "pk": 17, "fields": {"action_time": "2020-07-17T19:07:46.060Z", "user": 9911482668, "content_type": 16, "object_id": "5654656", "object_repr": "5654656", "action_flag": 2, "change_message": "[{\"changed\": {\"fields\": [\"post_id\"]}}]"}}, {"model": "admin.logentry", "pk": 18, "fields": {"action_time": "2020-07-17T19:08:35.486Z", "user": 9911482668, "content_type": 16, "object_id": "565465", "object_repr": "565465", "action_flag": 2, "change_message": "[{\"changed\": {\"fields\": [\"description\"]}}]"}}, {"model": "admin.logentry", "pk": 19, "fields": {"action_time": "2020-07-17T19:11:31.081Z", "user": 9911482668, "content_type": 16, "object_id": "488485", "object_repr": "488485", "action_flag": 2, "change_message": "[{\"changed\": {\"fields\": [\"post_id\", \"user\", \"image\"]}}]"}}, {"model": "admin.logentry", "pk": 20, "fields": {"action_time": "2020-07-17T19:41:59.800Z", "user": 9911482668, "content_type": 16, "object_id": "123546", "object_repr": "123546", "action_flag": 2, "change_message": "[{\"changed\": {\"fields\": [\"post_id\"]}}]"}}, {"model": "admin.logentry", "pk": 21, "fields": {"action_time": "2020-07-17T19:42:05.554Z", "user": 9911482668, "content_type": 16, "object_id": "864651", "object_repr": "864651", "action_flag": 2, "change_message": "[{\"changed\": {\"fields\": [\"post_id\"]}}]"}}, {"model": "admin.logentry", "pk": 22, "fields": {"action_time": "2020-07-17T19:42:10.650Z", "user": 9911482668, "content_type": 16, "object_id": "55445", "object_repr": "55445", "action_flag": 2, "change_message": "[{\"changed\": {\"fields\": [\"post_id\"]}}]"}}, {"model": "admin.logentry", "pk": 23, "fields": {"action_time": "2020-07-17T19:42:16.166Z", "user": 9911482668, "content_type": 16, "object_id": "444545", "object_repr": "444545", "action_flag": 2, "change_message": "[{\"changed\": {\"fields\": [\"post_id\"]}}]"}}, {"model": "admin.logentry", "pk": 24, "fields": {"action_time": "2020-07-17T19:42:22.659Z", "user": 9911482668, "content_type": 16, "object_id": "646546", "object_repr": "646546", "action_flag": 2, "change_message": "[{\"changed\": {\"fields\": [\"post_id\"]}}]"}}, {"model": "admin.logentry", "pk": 25, "fields": {"action_time": "2020-07-17T19:42:27.475Z", "user": 9911482668, "content_type": 16, "object_id": "165156", "object_repr": "165156", "action_flag": 2, "change_message": "[{\"changed\": {\"fields\": [\"post_id\"]}}]"}}, {"model": "admin.logentry", "pk": 26, "fields": {"action_time": "2020-07-17T19:42:32.526Z", "user": 9911482668, "content_type": 16, "object_id": "1212354", "object_repr": "1212354", "action_flag": 2, "change_message": "[{\"changed\": {\"fields\": [\"post_id\"]}}]"}}, {"model": "admin.logentry", "pk": 27, "fields": {"action_time": "2020-07-17T19:43:15.829Z", "user": 9911482668, "content_type": 16, "object_id": "545665", "object_repr": "545665", "action_flag": 2, "change_message": "[{\"changed\": {\"fields\": [\"post_id\"]}}]"}}, {"model": "admin.logentry", "pk": 28, "fields": {"action_time": "2020-07-17T19:43:21.931Z", "user": 9911482668, "content_type": 16, "object_id": "45455", "object_repr": "45455", "action_flag": 2, "change_message": "[{\"changed\": {\"fields\": [\"post_id\"]}}]"}}, {"model": "admin.logentry", "pk": 29, "fields": {"action_time": "2020-07-17T19:43:27.336Z", "user": 9911482668, "content_type": 16, "object_id": "565646", "object_repr": "565646", "action_flag": 2, "change_message": "[{\"changed\": {\"fields\": [\"post_id\"]}}]"}}, {"model": "admin.logentry", "pk": 30, "fields": {"action_time": "2020-07-17T19:43:32.310Z", "user": 9911482668, "content_type": 16, "object_id": "4798", "object_repr": "4798", "action_flag": 2, "change_message": "[{\"changed\": {\"fields\": [\"post_id\"]}}]"}}, {"model": "admin.logentry", "pk": 31, "fields": {"action_time": "2020-07-18T10:21:51.787Z", "user": 9911482668, "content_type": 11, "object_id": "8807816701", "object_repr": "User #2704402901 is friends with #5284434391", "action_flag": 3, "change_message": ""}}, {"model": "admin.logentry", "pk": 32, "fields": {"action_time": "2020-07-18T10:23:14.948Z", "user": 9911482668, "content_type": 11, "object_id": "4708788816", "object_repr": "User #2704402901 is friends with #5284434391", "action_flag": 3, "change_message": ""}}, {"model": "admin.logentry", "pk": 33, "fields": {"action_time": "2020-07-18T10:24:35.473Z", "user": 9911482668, "content_type": 16, "object_id": "1212354", "object_repr": "1212354", "action_flag": 2, "change_message": "[{\"changed\": {\"fields\": [\"user\", \"privacy_type\"]}}]"}}, {"model": "admin.logentry", "pk": 34, "fields": {"action_time": "2020-07-18T10:24:55.566Z", "user": 9911482668, "content_type": 16, "object_id": "31543", "object_repr": "31543", "action_flag": 1, "change_message": "[{\"added\": {}}]"}}, {"model": "admin.logentry", "pk": 35, "fields": {"action_time": "2020-07-18T10:27:16.797Z", "user": 9911482668, "content_type": 16, "object_id": "6465464654", "object_repr": "6465464654", "action_flag": 2, "change_message": "[{\"changed\": {\"fields\": [\"post_id\", \"user\", \"description\", \"image\", \"privacy_type\"]}}]"}}, {"model": "admin.logentry", "pk": 36, "fields": {"action_time": "2020-07-18T10:29:52.326Z", "user": 9911482668, "content_type": 16, "object_id": "564654", "object_repr": "564654", "action_flag": 2, "change_message": "[{\"changed\": {\"fields\": [\"post_id\", \"user\", \"image\", \"privacy_type\"]}}]"}}, {"model": "admin.logentry", "pk": 37, "fields": {"action_time": "2020-07-18T10:34:27.941Z", "user": 9911482668, "content_type": 16, "object_id": "111111", "object_repr": "111111", "action_flag": 2, "change_message": "[{\"changed\": {\"fields\": [\"post_id\", \"user\", \"image\", \"privacy_type\"]}}]"}}, {"model": "admin.logentry", "pk": 38, "fields": {"action_time": "2020-07-18T10:37:18.879Z", "user": 9911482668, "content_type": 16, "object_id": "222222", "object_repr": "222222", "action_flag": 2, "change_message": "[{\"changed\": {\"fields\": [\"post_id\", \"user\", \"image\", \"privacy_type\"]}}]"}}, {"model": "admin.logentry", "pk": 39, "fields": {"action_time": "2020-07-18T10:40:57.018Z", "user": 9911482668, "content_type": 16, "object_id": "5555", "object_repr": "5555", "action_flag": 2, "change_message": "[{\"changed\": {\"fields\": [\"post_id\", \"user\", \"image\"]}}]"}}, {"model": "admin.logentry", "pk": 40, "fields": {"action_time": "2020-07-18T10:44:50.438Z", "user": 9911482668, "content_type": 16, "object_id": "44444", "object_repr": "44444", "action_flag": 2, "change_message": "[{\"changed\": {\"fields\": [\"post_id\", \"user\", \"image\"]}}]"}}]