[{"model": "contenttypes.contenttype", "pk": 1, "fields": {"app_label": "admin", "model": "logentry"}}, {"model": "contenttypes.contenttype", "pk": 2, "fields": {"app_label": "auth", "model": "permission"}}, {"model": "contenttypes.contenttype", "pk": 3, "fields": {"app_label": "auth", "model": "group"}}, {"model": "contenttypes.contenttype", "pk": 4, "fields": {"app_label": "contenttypes", "model": "contenttype"}}, {"model": "contenttypes.contenttype", "pk": 5, "fields": {"app_label": "sessions", "model": "session"}}, {"model": "contenttypes.contenttype", "pk": 6, "fields": {"app_label": "sites", "model": "site"}}, {"model": "contenttypes.contenttype", "pk": 7, "fields": {"app_label": "guardian", "model": "groupobjectpermission"}}, {"model": "contenttypes.contenttype", "pk": 8, "fields": {"app_label": "guardian", "model": "userobjectpermission"}}, {"model": "contenttypes.contenttype", "pk": 9, "fields": {"app_label": "authtoken", "model": "token"}}, {"model": "contenttypes.contenttype", "pk": 10, "fields": {"app_label": "users", "model": "customuser"}}, {"model": "contenttypes.contenttype", "pk": 11, "fields": {"app_label": "friendship", "model": "follow"}}, {"model": "contenttypes.contenttype", "pk": 12, "fields": {"app_label": "friendship", "model": "friend"}}, {"model": "contenttypes.contenttype", "pk": 13, "fields": {"app_label": "friendship", "model": "friendshiprequest"}}, {"model": "contenttypes.contenttype", "pk": 14, "fields": {"app_label": "groups", "model": "group"}}, {"model": "contenttypes.contenttype", "pk": 15, "fields": {"app_label": "posts", "model": "profileviews"}}, {"model": "contenttypes.contenttype", "pk": 16, "fields": {"app_label": "posts", "model": "bookmark"}}, {"model": "contenttypes.contenttype", "pk": 17, "fields": {"app_label": "posts", "model": "hashtag"}}, {"model": "contenttypes.contenttype", "pk": 18, "fields": {"app_label": "posts", "model": "recommendation"}}, {"model": "contenttypes.contenttype", "pk": 19, "fields": {"app_label": "posts", "model": "posttags"}}, {"model": "contenttypes.contenttype", "pk": 20, "fields": {"app_label": "posts", "model": "comment"}}, {"model": "contenttypes.contenttype", "pk": 21, "fields": {"app_label": "posts", "model": "tag"}}, {"model": "contenttypes.contenttype", "pk": 22, "fields": {"app_label": "posts", "model": "like"}}, {"model": "contenttypes.contenttype", "pk": 23, "fields": {"app_label": "posts", "model": "post"}}, {"model": "sessions.session", "pk": "aqbin2olcgqskf09o2p86p5txvszuu1y", "fields": {"session_data": "NjdiNTRmZGM5YzdhMmNhOTRkN2E4ZDRjMTc3ZTJjYmQ1MzI2ZTdjMDp7Il9hdXRoX3VzZXJfYmFja2VuZCI6ImRqYW5nby5jb250cmliLmF1dGguYmFja2VuZHMuTW9kZWxCYWNrZW5kIiwiX2F1dGhfdXNlcl9pZCI6ImFiY2RlZmdoIiwiX2F1dGhfdXNlcl9oYXNoIjoiMDg0OTYxZDY4YjE2YzExN2U5NWU1Yzk0MjNiNjhjZTE2YmJmZjhkYyJ9", "expire_date": "2020-06-03T19:07:45.580Z"}}, {"model": "sessions.session", "pk": "u6jh9nayd2zz928qifnb2ruvhts0kbd9", "fields": {"session_data": "NzA1NWQ4MzE5Y2M5MDU0MmFmOTZkMmE1ZjZlOGRhODI3ZjA5NDRmZDp7Il9hdXRoX3VzZXJfYmFja2VuZCI6ImRqYW5nby5jb250cmliLmF1dGguYmFja2VuZHMuTW9kZWxCYWNrZW5kIiwiX2F1dGhfdXNlcl9oYXNoIjoiMDg0OTYxZDY4YjE2YzExN2U5NWU1Yzk0MjNiNjhjZTE2YmJmZjhkYyIsIl9hdXRoX3VzZXJfaWQiOiJhYmNkZWZnaCJ9", "expire_date": "2020-07-08T13:28:54.836Z"}}, {"model": "sessions.session", "pk": "v99z8fmzi9gfzy4t9mezmec4mz36n4s2", "fields": {"session_data": "NjdiNTRmZGM5YzdhMmNhOTRkN2E4ZDRjMTc3ZTJjYmQ1MzI2ZTdjMDp7Il9hdXRoX3VzZXJfYmFja2VuZCI6ImRqYW5nby5jb250cmliLmF1dGguYmFja2VuZHMuTW9kZWxCYWNrZW5kIiwiX2F1dGhfdXNlcl9pZCI6ImFiY2RlZmdoIiwiX2F1dGhfdXNlcl9oYXNoIjoiMDg0OTYxZDY4YjE2YzExN2U5NWU1Yzk0MjNiNjhjZTE2YmJmZjhkYyJ9", "expire_date": "2020-07-10T19:28:47.548Z"}}, {"model": "sites.site", "pk": 1, "fields": {"domain": "example.com", "name": "example.com"}}, {"model": "posts.hashtag", "pk": "bb5052239c", "fields": {"hashtag_time": "2020-05-20T18:54:13.983Z", "hashtag": "hello", "posts": ["kdfvkdfnbl", "hullo"]}}, {"model": "posts.hashtag", "pk": "db5404002b", "fields": {"hashtag_time": "2020-05-27T18:13:51.503Z", "hashtag": "lkfkl", "posts": ["nsdkndkfjn"]}}, {"model": "auth.permission", "pk": 1, "fields": {"name": "Can add log entry", "content_type": 1, "codename": "add_logentry"}}, {"model": "auth.permission", "pk": 2, "fields": {"name": "Can change log entry", "content_type": 1, "codename": "change_logentry"}}, {"model": "auth.permission", "pk": 3, "fields": {"name": "Can delete log entry", "content_type": 1, "codename": "delete_logentry"}}, {"model": "auth.permission", "pk": 4, "fields": {"name": "Can view log entry", "content_type": 1, "codename": "view_logentry"}}, {"model": "auth.permission", "pk": 5, "fields": {"name": "Can add permission", "content_type": 2, "codename": "add_permission"}}, {"model": "auth.permission", "pk": 6, "fields": {"name": "Can change permission", "content_type": 2, "codename": "change_permission"}}, {"model": "auth.permission", "pk": 7, "fields": {"name": "Can delete permission", "content_type": 2, "codename": "delete_permission"}}, {"model": "auth.permission", "pk": 8, "fields": {"name": "Can view permission", "content_type": 2, "codename": "view_permission"}}, {"model": "auth.permission", "pk": 9, "fields": {"name": "Can add group", "content_type": 3, "codename": "add_group"}}, {"model": "auth.permission", "pk": 10, "fields": {"name": "Can change group", "content_type": 3, "codename": "change_group"}}, {"model": "auth.permission", "pk": 11, "fields": {"name": "Can delete group", "content_type": 3, "codename": "delete_group"}}, {"model": "auth.permission", "pk": 12, "fields": {"name": "Can view group", "content_type": 3, "codename": "view_group"}}, {"model": "auth.permission", "pk": 13, "fields": {"name": "Can add content type", "content_type": 4, "codename": "add_contenttype"}}, {"model": "auth.permission", "pk": 14, "fields": {"name": "Can change content type", "content_type": 4, "codename": "change_contenttype"}}, {"model": "auth.permission", "pk": 15, "fields": {"name": "Can delete content type", "content_type": 4, "codename": "delete_contenttype"}}, {"model": "auth.permission", "pk": 16, "fields": {"name": "Can view content type", "content_type": 4, "codename": "view_contenttype"}}, {"model": "auth.permission", "pk": 17, "fields": {"name": "Can add session", "content_type": 5, "codename": "add_session"}}, {"model": "auth.permission", "pk": 18, "fields": {"name": "Can change session", "content_type": 5, "codename": "change_session"}}, {"model": "auth.permission", "pk": 19, "fields": {"name": "Can delete session", "content_type": 5, "codename": "delete_session"}}, {"model": "auth.permission", "pk": 20, "fields": {"name": "Can view session", "content_type": 5, "codename": "view_session"}}, {"model": "auth.permission", "pk": 21, "fields": {"name": "Can add site", "content_type": 6, "codename": "add_site"}}, {"model": "auth.permission", "pk": 22, "fields": {"name": "Can change site", "content_type": 6, "codename": "change_site"}}, {"model": "auth.permission", "pk": 23, "fields": {"name": "Can delete site", "content_type": 6, "codename": "delete_site"}}, {"model": "auth.permission", "pk": 24, "fields": {"name": "Can view site", "content_type": 6, "codename": "view_site"}}, {"model": "auth.permission", "pk": 25, "fields": {"name": "Can add group object permission", "content_type": 7, "codename": "add_groupobjectpermission"}}, {"model": "auth.permission", "pk": 26, "fields": {"name": "Can change group object permission", "content_type": 7, "codename": "change_groupobjectpermission"}}, {"model": "auth.permission", "pk": 27, "fields": {"name": "Can delete group object permission", "content_type": 7, "codename": "delete_groupobjectpermission"}}, {"model": "auth.permission", "pk": 28, "fields": {"name": "Can view group object permission", "content_type": 7, "codename": "view_groupobjectpermission"}}, {"model": "auth.permission", "pk": 29, "fields": {"name": "Can add user object permission", "content_type": 8, "codename": "add_userobjectpermission"}}, {"model": "auth.permission", "pk": 30, "fields": {"name": "Can change user object permission", "content_type": 8, "codename": "change_userobjectpermission"}}, {"model": "auth.permission", "pk": 31, "fields": {"name": "Can delete user object permission", "content_type": 8, "codename": "delete_userobjectpermission"}}, {"model": "auth.permission", "pk": 32, "fields": {"name": "Can view user object permission", "content_type": 8, "codename": "view_userobjectpermission"}}, {"model": "auth.permission", "pk": 33, "fields": {"name": "Can add Token", "content_type": 9, "codename": "add_token"}}, {"model": "auth.permission", "pk": 34, "fields": {"name": "Can change Token", "content_type": 9, "codename": "change_token"}}, {"model": "auth.permission", "pk": 35, "fields": {"name": "Can delete Token", "content_type": 9, "codename": "delete_token"}}, {"model": "auth.permission", "pk": 36, "fields": {"name": "Can view Token", "content_type": 9, "codename": "view_token"}}, {"model": "auth.permission", "pk": 37, "fields": {"name": "Can add user", "content_type": 10, "codename": "add_customuser"}}, {"model": "auth.permission", "pk": 38, "fields": {"name": "Can change user", "content_type": 10, "codename": "change_customuser"}}, {"model": "auth.permission", "pk": 39, "fields": {"name": "Can delete user", "content_type": 10, "codename": "delete_customuser"}}, {"model": "auth.permission", "pk": 40, "fields": {"name": "Can view user", "content_type": 10, "codename": "view_customuser"}}, {"model": "auth.permission", "pk": 41, "fields": {"name": "Can add Following Relationship", "content_type": 11, "codename": "add_follow"}}, {"model": "auth.permission", "pk": 42, "fields": {"name": "Can change Following Relationship", "content_type": 11, "codename": "change_follow"}}, {"model": "auth.permission", "pk": 43, "fields": {"name": "Can delete Following Relationship", "content_type": 11, "codename": "delete_follow"}}, {"model": "auth.permission", "pk": 44, "fields": {"name": "Can view Following Relationship", "content_type": 11, "codename": "view_follow"}}, {"model": "auth.permission", "pk": 45, "fields": {"name": "Can add Friend", "content_type": 12, "codename": "add_friend"}}, {"model": "auth.permission", "pk": 46, "fields": {"name": "Can change Friend", "content_type": 12, "codename": "change_friend"}}, {"model": "auth.permission", "pk": 47, "fields": {"name": "Can delete Friend", "content_type": 12, "codename": "delete_friend"}}, {"model": "auth.permission", "pk": 48, "fields": {"name": "Can view Friend", "content_type": 12, "codename": "view_friend"}}, {"model": "auth.permission", "pk": 49, "fields": {"name": "Can add Friendship Request", "content_type": 13, "codename": "add_friendshiprequest"}}, {"model": "auth.permission", "pk": 50, "fields": {"name": "Can change Friendship Request", "content_type": 13, "codename": "change_friendshiprequest"}}, {"model": "auth.permission", "pk": 51, "fields": {"name": "Can delete Friendship Request", "content_type": 13, "codename": "delete_friendshiprequest"}}, {"model": "auth.permission", "pk": 52, "fields": {"name": "Can view Friendship Request", "content_type": 13, "codename": "view_friendshiprequest"}}, {"model": "auth.permission", "pk": 53, "fields": {"name": "Can add group", "content_type": 14, "codename": "add_group"}}, {"model": "auth.permission", "pk": 54, "fields": {"name": "Can change group", "content_type": 14, "codename": "change_group"}}, {"model": "auth.permission", "pk": 55, "fields": {"name": "Can delete group", "content_type": 14, "codename": "delete_group"}}, {"model": "auth.permission", "pk": 56, "fields": {"name": "Can view group", "content_type": 14, "codename": "view_group"}}, {"model": "auth.permission", "pk": 57, "fields": {"name": "Can add profile views", "content_type": 15, "codename": "add_profileviews"}}, {"model": "auth.permission", "pk": 58, "fields": {"name": "Can change profile views", "content_type": 15, "codename": "change_profileviews"}}, {"model": "auth.permission", "pk": 59, "fields": {"name": "Can delete profile views", "content_type": 15, "codename": "delete_profileviews"}}, {"model": "auth.permission", "pk": 60, "fields": {"name": "Can view profile views", "content_type": 15, "codename": "view_profileviews"}}, {"model": "auth.permission", "pk": 61, "fields": {"name": "Can add bookmark", "content_type": 16, "codename": "add_bookmark"}}, {"model": "auth.permission", "pk": 62, "fields": {"name": "Can change bookmark", "content_type": 16, "codename": "change_bookmark"}}, {"model": "auth.permission", "pk": 63, "fields": {"name": "Can delete bookmark", "content_type": 16, "codename": "delete_bookmark"}}, {"model": "auth.permission", "pk": 64, "fields": {"name": "Can view bookmark", "content_type": 16, "codename": "view_bookmark"}}, {"model": "auth.permission", "pk": 65, "fields": {"name": "Can add hash tag", "content_type": 17, "codename": "add_hashtag"}}, {"model": "auth.permission", "pk": 66, "fields": {"name": "Can change hash tag", "content_type": 17, "codename": "change_hashtag"}}, {"model": "auth.permission", "pk": 67, "fields": {"name": "Can delete hash tag", "content_type": 17, "codename": "delete_hashtag"}}, {"model": "auth.permission", "pk": 68, "fields": {"name": "Can view hash tag", "content_type": 17, "codename": "view_hashtag"}}, {"model": "auth.permission", "pk": 69, "fields": {"name": "Can add recommendation", "content_type": 18, "codename": "add_recommendation"}}, {"model": "auth.permission", "pk": 70, "fields": {"name": "Can change recommendation", "content_type": 18, "codename": "change_recommendation"}}, {"model": "auth.permission", "pk": 71, "fields": {"name": "Can delete recommendation", "content_type": 18, "codename": "delete_recommendation"}}, {"model": "auth.permission", "pk": 72, "fields": {"name": "Can view recommendation", "content_type": 18, "codename": "view_recommendation"}}, {"model": "auth.permission", "pk": 73, "fields": {"name": "Can add post tags", "content_type": 19, "codename": "add_posttags"}}, {"model": "auth.permission", "pk": 74, "fields": {"name": "Can change post tags", "content_type": 19, "codename": "change_posttags"}}, {"model": "auth.permission", "pk": 75, "fields": {"name": "Can delete post tags", "content_type": 19, "codename": "delete_posttags"}}, {"model": "auth.permission", "pk": 76, "fields": {"name": "Can view post tags", "content_type": 19, "codename": "view_posttags"}}, {"model": "auth.permission", "pk": 77, "fields": {"name": "Can add comment", "content_type": 20, "codename": "add_comment"}}, {"model": "auth.permission", "pk": 78, "fields": {"name": "Can change comment", "content_type": 20, "codename": "change_comment"}}, {"model": "auth.permission", "pk": 79, "fields": {"name": "Can delete comment", "content_type": 20, "codename": "delete_comment"}}, {"model": "auth.permission", "pk": 80, "fields": {"name": "Can view comment", "content_type": 20, "codename": "view_comment"}}, {"model": "auth.permission", "pk": 81, "fields": {"name": "Can add tag", "content_type": 21, "codename": "add_tag"}}, {"model": "auth.permission", "pk": 82, "fields": {"name": "Can change tag", "content_type": 21, "codename": "change_tag"}}, {"model": "auth.permission", "pk": 83, "fields": {"name": "Can delete tag", "content_type": 21, "codename": "delete_tag"}}, {"model": "auth.permission", "pk": 84, "fields": {"name": "Can view tag", "content_type": 21, "codename": "view_tag"}}, {"model": "auth.permission", "pk": 85, "fields": {"name": "Can add like", "content_type": 22, "codename": "add_like"}}, {"model": "auth.permission", "pk": 86, "fields": {"name": "Can change like", "content_type": 22, "codename": "change_like"}}, {"model": "auth.permission", "pk": 87, "fields": {"name": "Can delete like", "content_type": 22, "codename": "delete_like"}}, {"model": "auth.permission", "pk": 88, "fields": {"name": "Can view like", "content_type": 22, "codename": "view_like"}}, {"model": "auth.permission", "pk": 89, "fields": {"name": "Can add post", "content_type": 23, "codename": "add_post"}}, {"model": "auth.permission", "pk": 90, "fields": {"name": "Can change post", "content_type": 23, "codename": "change_post"}}, {"model": "auth.permission", "pk": 91, "fields": {"name": "Can delete post", "content_type": 23, "codename": "delete_post"}}, {"model": "auth.permission", "pk": 92, "fields": {"name": "Can view post", "content_type": 23, "codename": "view_post"}}, {"model": "users.customuser", "pk": "", "fields": {"password": "!t2pod9cPVG89LTfpkGx6TmS8KKp7Lqh26RGBLkLq", "last_login": null, "is_superuser": false, "username": "AnonymousUser", "first_name": "", "last_name": "", "email": "", "is_staff": false, "is_active": true, "date_joined": "2020-05-21T13:21:07.913Z", "mobile_number": null, "profile_picture": "", "bio": null, "account_type": "PRIVATE", "email_verified": false, "groups": [], "user_permissions": []}}, {"model": "users.customuser", "pk": "abcdefgh", "fields": {"password": "pbkdf2_sha256$120000$SYRub0n22n3R$0nluwPI2H2Il9uyuyVEl5/pnRhZ88RRUgjxyTTZJ9wY=", "last_login": "2020-06-26T19:28:47.158Z", "is_superuser": true, "username": "piyush", "first_name": "", "last_name": "", "email": "piyush@gmail.com", "is_staff": true, "is_active": true, "date_joined": "2020-05-20T18:48:46Z", "mobile_number": null, "profile_picture": "profile_pictures/Screenshot_from_2020-01-04_13-28-18.png", "bio": null, "account_type": "PRIVATE", "email_verified": false, "groups": [], "user_permissions": []}}, {"model": "users.customuser", "pk": "abwer", "fields": {"password": "pbkdf2_sha256$120000$SYRub0n22n3R$0nluwPI2H2Il9uyuyVEl5/pnRhZ88RRUgjxyTTZJ9wY=", "last_login": null, "is_superuser": false, "username": "abcd@gmail.com", "first_name": "ab", "last_name": "cd", "email": "abcd@gmail.com", "is_staff": false, "is_active": true, "date_joined": "2020-05-21T15:21:04Z", "mobile_number": null, "profile_picture": "profile_pictures/SE1_iFTwL1j.png", "bio": null, "account_type": "PRIVATE", "email_verified": false, "groups": [], "user_permissions": []}}, {"model": "users.customuser", "pk": "vCT9zXc7umUcXIZOh6fVuS0bIrH3", "fields": {"password": "", "last_login": null, "is_superuser": false, "username": "piyush.n.h@gmail.com", "first_name": "Piyush", "last_name": "Hanchate", "email": "piyush.n.h@gmail.com", "is_staff": false, "is_active": true, "date_joined": "2020-05-22T19:00:15.827Z", "mobile_number": "", "profile_picture": "", "bio": null, "account_type": "PRIVATE", "email_verified": false, "groups": [], "user_permissions": []}}, {"model": "users.customuser", "pk": "xyzus", "fields": {"password": "pbkdf2_sha256$120000$SYRub0n22n3R$0nluwPI2H2Il9uyuyVEl5/pnRhZ88RRUgjxyTTZJ9wY=", "last_login": "2020-05-20T19:07:45Z", "is_superuser": true, "username": "piyush@gmail.com", "first_name": "", "last_name": "", "email": "piyush@gmail.com", "is_staff": true, "is_active": true, "date_joined": "2020-05-20T18:48:46Z", "mobile_number": null, "profile_picture": "profile_pictures/Screenshot_from_2020-01-04_13-28-18.png", "bio": null, "account_type": "PRIVATE", "email_verified": false, "groups": [], "user_permissions": []}}, {"model": "friendship.follow", "pk": 11, "fields": {"follower": "abcdefgh", "followee": "abwer", "created": "2020-05-21T15:55:49.509Z"}}, {"model": "friendship.follow", "pk": 29, "fields": {"follower": "vCT9zXc7umUcXIZOh6fVuS0bIrH3", "followee": "abwer", "created": "2020-07-04T13:56:15.975Z"}}, {"model": "posts.post", "pk": "1af8e8e0a9", "fields": {"user": "vCT9zXc7umUcXIZOh6fVuS0bIrH3", "description": "shefshfdfkk", "image": "post/grid.png", "post_time": "2020-06-24T11:46:42.912Z", "location": "", "privacy_type": "FRIENDS"}}, {"model": "posts.post", "pk": "3b1f385d11", "fields": {"user": "vCT9zXc7umUcXIZOh6fVuS0bIrH3", "description": "", "image": "post/comedy.png", "post_time": "2020-06-23T16:02:27.136Z", "location": "", "privacy_type": "FRIENDS"}}, {"model": "posts.post", "pk": "57124c0a4f", "fields": {"user": "vCT9zXc7umUcXIZOh6fVuS0bIrH3", "description": "jljjjlkjkjjkkjkkkljkl", "image": "post/dj_night_tUKcXyV.png", "post_time": "2020-06-22T19:52:08.337Z", "location": "", "privacy_type": "FRIENDS"}}, {"model": "posts.post", "pk": "6b1631ca1f", "fields": {"user": "vCT9zXc7umUcXIZOh6fVuS0bIrH3", "description": "jljjjlkjkjjkkjkkkljkl", "image": "post/dj_night_YfHiU62.png", "post_time": "2020-06-22T19:54:15.738Z", "location": "", "privacy_type": "FRIENDS"}}, {"model": "posts.post", "pk": "878d45112a", "fields": {"user": "vCT9zXc7umUcXIZOh6fVuS0bIrH3", "description": "", "image": "post/alcis1_mPpqFS4.png", "post_time": "2020-06-21T20:42:40.764Z", "location": "", "privacy_type": "FRIENDS"}}, {"model": "posts.post", "pk": "8e2f425b5d", "fields": {"user": "vCT9zXc7umUcXIZOh6fVuS0bIrH3", "description": "jljjjlkjkjjkkjkkkljkl", "image": "post/dj_night_nmFlSzq.png", "post_time": "2020-06-22T19:55:10.741Z", "location": "", "privacy_type": "FRIENDS"}}, {"model": "posts.post", "pk": "9767ef3869", "fields": {"user": "vCT9zXc7umUcXIZOh6fVuS0bIrH3", "description": "hhuhuhj @tsh m", "image": "post/art.png", "post_time": "2020-06-27T10:13:39.939Z", "location": "", "privacy_type": "FRIENDS"}}, {"model": "posts.post", "pk": "9e81b7611d", "fields": {"user": "vCT9zXc7umUcXIZOh6fVuS0bIrH3", "description": "h I love myself", "image": "post/dj_night.png", "post_time": "2020-06-22T19:09:12.236Z", "location": "", "privacy_type": "FRIENDS"}}, {"model": "posts.post", "pk": "asxdasndksjfnj", "fields": {"user": "abwer", "description": "jdkdnksdnj kdncksdnl", "image": "post/post/Screen-Shot-2017-07-19-at-1.11.46-PM-696x385_orVLmMq.jpg", "post_time": "2020-05-21T18:15:13.772Z", "location": "nkjnkjn", "privacy_type": "FOLLOWERS"}}, {"model": "posts.post", "pk": "dfvdf", "fields": {"user": "abwer", "description": "dfvdfv", "image": "post/post/q2-s2.jpg", "post_time": "2020-05-22T12:40:02.649Z", "location": "dfvvdfvfd", "privacy_type": "FOLLOWERS"}}, {"model": "posts.post", "pk": "e41c34cf33", "fields": {"user": "vCT9zXc7umUcXIZOh6fVuS0bIrH3", "description": "", "image": "post/alcis1_oujlg28.png", "post_time": "2020-06-21T20:40:54.538Z", "location": "", "privacy_type": "FRIENDS"}}, {"model": "posts.post", "pk": "eklekr", "fields": {"user": "abwer", "description": "dfdfdfdf", "image": "post/post/Q4-S2.jpg", "post_time": "2020-05-21T18:18:10.821Z", "location": "dfdfdfd", "privacy_type": "FOLLOWERS"}}, {"model": "posts.post", "pk": "hullo", "fields": {"user": "abwer", "description": "rgbtbbtyb #hello", "image": "post/post/peesafe.jpg", "post_time": "2020-05-28T13:20:36.535Z", "location": "nkjnkj", "privacy_type": "FOLLOWERS"}}, {"model": "posts.post", "pk": "kdfvkdfnbl", "fields": {"user": "abcdefgh", "description": "fnldkfl #hello", "image": "post/post/Screenshot_from_2020-01-04_13-28-18_mbolk9O.jpg", "post_time": "2020-05-20T18:54:14.142Z", "location": "nsfvlnsdvsk", "privacy_type": "FRIENDS"}}, {"model": "posts.post", "pk": "kjnkjjnk", "fields": {"user": "abwer", "description": "nguygiyhuygyy", "image": "post/post/relan_k73Uu6F.jpg", "post_time": "2020-05-27T18:57:06.357Z", "location": "bjhbjbhbhh", "privacy_type": "FOLLOWERS"}}, {"model": "posts.post", "pk": "mdfvdf", "fields": {"user": "abwer", "description": "dfvdfvfd", "image": "post/post/result_05_10.jpg", "post_time": "2020-05-22T12:39:28.354Z", "location": "dfvdfv", "privacy_type": "FOLLOWERS"}}, {"model": "posts.post", "pk": "ndksjfnj", "fields": {"user": "abwer", "description": "jdkdnksdnj", "image": "post/post/Screen-Shot-2017-07-19-at-1.11.46-PM-696x385_orVLmMq.jpg", "post_time": "2020-05-21T18:06:31.917Z", "location": "nkjnkjn", "privacy_type": "FOLLOWERS"}}, {"model": "posts.post", "pk": "njnjkjknk", "fields": {"user": "abwer", "description": "jjbjbhhjb", "image": "post/post/relan_UxBv8q9.jpg", "post_time": "2020-05-27T18:16:46.355Z", "location": "bbjhbjhb", "privacy_type": "FOLLOWERS"}}, {"model": "posts.post", "pk": "nkjnkjnkjn", "fields": {"user": "abwer", "description": "kscdnldsn", "image": "post/post/SE1_KTQtdVa.jpg", "post_time": "2020-05-22T12:35:53.394Z", "location": "mlklmlk", "privacy_type": "FOLLOWERS"}}, {"model": "posts.post", "pk": "nsdkndkfjn", "fields": {"user": "abwer", "description": "kdvlknl #lkfkl", "image": "post/post/relan_EkX0ucY.jpg", "post_time": "2020-05-27T18:13:51.871Z", "location": "jdfnkjgnf", "privacy_type": "FOLLOWERS"}}, {"model": "posts.post", "pk": "snvksf", "fields": {"user": "abwer", "description": "kdvlkdkflvkf", "image": "post/post/Q4-S1.jpg", "post_time": "2020-05-22T12:38:29.525Z", "location": "ldkfmvlkdmflv", "privacy_type": "FOLLOWERS"}}, {"model": "posts.comment", "pk": "3169a655da", "fields": {"post": "9767ef3869", "comment_by": "vCT9zXc7umUcXIZOh6fVuS0bIrH3", "comment_time": "2020-06-27T10:13:55.943Z", "comment_type": "text", "text": "hguyygu", "commentSrc": ""}}, {"model": "posts.comment", "pk": "5c3ee0725d", "fields": {"post": "878d45112a", "comment_by": "vCT9zXc7umUcXIZOh6fVuS0bIrH3", "comment_time": "2020-06-25T09:53:44.350Z", "comment_type": "text", "text": "nxxjcncx", "commentSrc": ""}}, {"model": "posts.comment", "pk": "6013400818", "fields": {"post": "878d45112a", "comment_by": "vCT9zXc7umUcXIZOh6fVuS0bIrH3", "comment_time": "2020-06-25T09:46:44.014Z", "comment_type": "text", "text": "nxxjcncx", "commentSrc": ""}}, {"model": "posts.comment", "pk": "8e9523e383", "fields": {"post": "878d45112a", "comment_by": "vCT9zXc7umUcXIZOh6fVuS0bIrH3", "comment_time": "2020-06-25T10:05:19.960Z", "comment_type": "text", "text": " mm mnmnmn", "commentSrc": ""}}, {"model": "posts.comment", "pk": "a43d976b96", "fields": {"post": "878d45112a", "comment_by": "vCT9zXc7umUcXIZOh6fVuS0bIrH3", "comment_time": "2020-06-25T09:53:38.470Z", "comment_type": "text", "text": "nxxjcncx", "commentSrc": ""}}, {"model": "posts.comment", "pk": "bfgfgbfbfgb", "fields": {"post": "878d45112a", "comment_by": "abwer", "comment_time": "2020-06-24T18:39:15.160Z", "comment_type": "TEXT", "text": "fgbfgbfgbfgbfg", "commentSrc": "comment_images_stickers/diff_patch.png"}}, {"model": "posts.comment", "pk": "da00d72f70", "fields": {"post": "878d45112a", "comment_by": "vCT9zXc7umUcXIZOh6fVuS0bIrH3", "comment_time": "2020-06-25T09:47:44.361Z", "comment_type": "text", "text": "nxxjcncx", "commentSrc": ""}}, {"model": "posts.comment", "pk": "dc270e81a7", "fields": {"post": "hullo", "comment_by": "vCT9zXc7umUcXIZOh6fVuS0bIrH3", "comment_time": "2020-06-25T10:05:51.037Z", "comment_type": "text", "text": "sdcsdcs", "commentSrc": ""}}, {"model": "posts.comment", "pk": "dfgdfgdfgdfgvb", "fields": {"post": "878d45112a", "comment_by": "abwer", "comment_time": "2020-06-24T18:39:52.067Z", "comment_type": "TEXT", "text": "dfvgdfbdfbdfbdfb", "commentSrc": "comment_images_stickers/inci_logo.png"}}, {"model": "posts.comment", "pk": "kjnkkn", "fields": {"post": "eklekr", "comment_by": "abwer", "comment_time": "2020-05-22T08:59:19.645Z", "comment_type": "TEXT", "text": "klmklmlm njhbjbh", "commentSrc": "comment_images_stickers/SE2.png"}}, {"model": "posts.comment", "pk": "uihihi", "fields": {"post": "kdfvkdfnbl", "comment_by": "abwer", "comment_time": "2020-05-27T12:00:51.731Z", "comment_type": "TEXT", "text": "kjnknkjnk", "commentSrc": "comment_images_stickers/react-social-network-license.png"}}, {"model": "authtoken.token", "pk": "7db16a601815203f5cf7991972323d0f4bde19da", "fields": {"user": "vCT9zXc7umUcXIZOh6fVuS0bIrH3", "created": "2020-05-22T19:00:16.120Z"}}, {"model": "guardian.userobjectpermission", "pk": 1, "fields": {"permission": 90, "content_type": 23, "object_pk": "kdfvkdfnbl", "user": "abcdefgh"}}, {"model": "guardian.userobjectpermission", "pk": 2, "fields": {"permission": 90, "content_type": 23, "object_pk": "ndksjfnj", "user": "abwer"}}, {"model": "guardian.userobjectpermission", "pk": 3, "fields": {"permission": 90, "content_type": 23, "object_pk": "asxdasndksjfnj", "user": "abwer"}}, {"model": "guardian.userobjectpermission", "pk": 4, "fields": {"permission": 90, "content_type": 23, "object_pk": "eklekr", "user": "abwer"}}, {"model": "guardian.userobjectpermission", "pk": 5, "fields": {"permission": 90, "content_type": 23, "object_pk": "nkjnkjnkjn", "user": "abwer"}}, {"model": "guardian.userobjectpermission", "pk": 6, "fields": {"permission": 90, "content_type": 23, "object_pk": "snvksf", "user": "abwer"}}, {"model": "guardian.userobjectpermission", "pk": 7, "fields": {"permission": 90, "content_type": 23, "object_pk": "mdfvdf", "user": "abwer"}}, {"model": "guardian.userobjectpermission", "pk": 8, "fields": {"permission": 90, "content_type": 23, "object_pk": "dfvdf", "user": "abwer"}}, {"model": "guardian.userobjectpermission", "pk": 9, "fields": {"permission": 79, "content_type": 20, "object_pk": "uihihi", "user": "abwer"}}, {"model": "guardian.userobjectpermission", "pk": 10, "fields": {"permission": 79, "content_type": 20, "object_pk": "uihihi", "user": "abcdefgh"}}, {"model": "guardian.userobjectpermission", "pk": 11, "fields": {"permission": 78, "content_type": 20, "object_pk": "uihihi", "user": "abwer"}}, {"model": "guardian.userobjectpermission", "pk": 12, "fields": {"permission": 91, "content_type": 23, "object_pk": "nsdkndkfjn", "user": "abwer"}}, {"model": "guardian.userobjectpermission", "pk": 13, "fields": {"permission": 91, "content_type": 23, "object_pk": "njnjkjknk", "user": "abwer"}}, {"model": "guardian.userobjectpermission", "pk": 14, "fields": {"permission": 91, "content_type": 23, "object_pk": "kjnkjjnk", "user": "abwer"}}, {"model": "guardian.userobjectpermission", "pk": 15, "fields": {"permission": 91, "content_type": 23, "object_pk": "hullo", "user": "abwer"}}, {"model": "guardian.userobjectpermission", "pk": 16, "fields": {"permission": 91, "content_type": 23, "object_pk": "878d45112a", "user": "vCT9zXc7umUcXIZOh6fVuS0bIrH3"}}, {"model": "guardian.userobjectpermission", "pk": 17, "fields": {"permission": 91, "content_type": 23, "object_pk": "9e81b7611d", "user": "vCT9zXc7umUcXIZOh6fVuS0bIrH3"}}, {"model": "guardian.userobjectpermission", "pk": 18, "fields": {"permission": 91, "content_type": 23, "object_pk": "57124c0a4f", "user": "vCT9zXc7umUcXIZOh6fVuS0bIrH3"}}, {"model": "guardian.userobjectpermission", "pk": 19, "fields": {"permission": 91, "content_type": 23, "object_pk": "6b1631ca1f", "user": "vCT9zXc7umUcXIZOh6fVuS0bIrH3"}}, {"model": "guardian.userobjectpermission", "pk": 20, "fields": {"permission": 91, "content_type": 23, "object_pk": "8e2f425b5d", "user": "vCT9zXc7umUcXIZOh6fVuS0bIrH3"}}, {"model": "guardian.userobjectpermission", "pk": 21, "fields": {"permission": 91, "content_type": 23, "object_pk": "3b1f385d11", "user": "vCT9zXc7umUcXIZOh6fVuS0bIrH3"}}, {"model": "guardian.userobjectpermission", "pk": 22, "fields": {"permission": 91, "content_type": 23, "object_pk": "1af8e8e0a9", "user": "vCT9zXc7umUcXIZOh6fVuS0bIrH3"}}, {"model": "guardian.userobjectpermission", "pk": 23, "fields": {"permission": 79, "content_type": 20, "object_pk": "kjnkkn", "user": "abwer"}}, {"model": "guardian.userobjectpermission", "pk": 24, "fields": {"permission": 78, "content_type": 20, "object_pk": "kjnkkn", "user": "abwer"}}, {"model": "guardian.userobjectpermission", "pk": 25, "fields": {"permission": 79, "content_type": 20, "object_pk": "bfgfgbfbfgb", "user": "abwer"}}, {"model": "guardian.userobjectpermission", "pk": 26, "fields": {"permission": 79, "content_type": 20, "object_pk": "bfgfgbfbfgb", "user": "vCT9zXc7umUcXIZOh6fVuS0bIrH3"}}, {"model": "guardian.userobjectpermission", "pk": 27, "fields": {"permission": 78, "content_type": 20, "object_pk": "bfgfgbfbfgb", "user": "abwer"}}, {"model": "guardian.userobjectpermission", "pk": 28, "fields": {"permission": 79, "content_type": 20, "object_pk": "dfgdfgdfgdfgvb", "user": "abwer"}}, {"model": "guardian.userobjectpermission", "pk": 29, "fields": {"permission": 79, "content_type": 20, "object_pk": "dfgdfgdfgdfgvb", "user": "vCT9zXc7umUcXIZOh6fVuS0bIrH3"}}, {"model": "guardian.userobjectpermission", "pk": 30, "fields": {"permission": 78, "content_type": 20, "object_pk": "dfgdfgdfgdfgvb", "user": "abwer"}}, {"model": "guardian.userobjectpermission", "pk": 31, "fields": {"permission": 79, "content_type": 20, "object_pk": "6013400818", "user": "vCT9zXc7umUcXIZOh6fVuS0bIrH3"}}, {"model": "guardian.userobjectpermission", "pk": 32, "fields": {"permission": 78, "content_type": 20, "object_pk": "6013400818", "user": "vCT9zXc7umUcXIZOh6fVuS0bIrH3"}}, {"model": "guardian.userobjectpermission", "pk": 33, "fields": {"permission": 79, "content_type": 20, "object_pk": "da00d72f70", "user": "vCT9zXc7umUcXIZOh6fVuS0bIrH3"}}, {"model": "guardian.userobjectpermission", "pk": 34, "fields": {"permission": 78, "content_type": 20, "object_pk": "da00d72f70", "user": "vCT9zXc7umUcXIZOh6fVuS0bIrH3"}}, {"model": "guardian.userobjectpermission", "pk": 35, "fields": {"permission": 79, "content_type": 20, "object_pk": "a43d976b96", "user": "vCT9zXc7umUcXIZOh6fVuS0bIrH3"}}, {"model": "guardian.userobjectpermission", "pk": 36, "fields": {"permission": 78, "content_type": 20, "object_pk": "a43d976b96", "user": "vCT9zXc7umUcXIZOh6fVuS0bIrH3"}}, {"model": "guardian.userobjectpermission", "pk": 37, "fields": {"permission": 79, "content_type": 20, "object_pk": "5c3ee0725d", "user": "vCT9zXc7umUcXIZOh6fVuS0bIrH3"}}, {"model": "guardian.userobjectpermission", "pk": 38, "fields": {"permission": 78, "content_type": 20, "object_pk": "5c3ee0725d", "user": "vCT9zXc7umUcXIZOh6fVuS0bIrH3"}}, {"model": "guardian.userobjectpermission", "pk": 39, "fields": {"permission": 79, "content_type": 20, "object_pk": "8e9523e383", "user": "vCT9zXc7umUcXIZOh6fVuS0bIrH3"}}, {"model": "guardian.userobjectpermission", "pk": 40, "fields": {"permission": 78, "content_type": 20, "object_pk": "8e9523e383", "user": "vCT9zXc7umUcXIZOh6fVuS0bIrH3"}}, {"model": "guardian.userobjectpermission", "pk": 41, "fields": {"permission": 79, "content_type": 20, "object_pk": "dc270e81a7", "user": "vCT9zXc7umUcXIZOh6fVuS0bIrH3"}}, {"model": "guardian.userobjectpermission", "pk": 42, "fields": {"permission": 79, "content_type": 20, "object_pk": "dc270e81a7", "user": "abwer"}}, {"model": "guardian.userobjectpermission", "pk": 43, "fields": {"permission": 78, "content_type": 20, "object_pk": "dc270e81a7", "user": "vCT9zXc7umUcXIZOh6fVuS0bIrH3"}}, {"model": "guardian.userobjectpermission", "pk": 44, "fields": {"permission": 91, "content_type": 23, "object_pk": "9767ef3869", "user": "vCT9zXc7umUcXIZOh6fVuS0bIrH3"}}, {"model": "guardian.userobjectpermission", "pk": 45, "fields": {"permission": 79, "content_type": 20, "object_pk": "3169a655da", "user": "vCT9zXc7umUcXIZOh6fVuS0bIrH3"}}, {"model": "guardian.userobjectpermission", "pk": 46, "fields": {"permission": 78, "content_type": 20, "object_pk": "3169a655da", "user": "vCT9zXc7umUcXIZOh6fVuS0bIrH3"}}, {"model": "admin.logentry", "pk": 1, "fields": {"action_time": "2020-05-20T18:49:24.564Z", "user": "", "content_type": 10, "object_id": "abcdefgh", "object_repr": "", "action_flag": 1, "change_message": "[{\"added\": {}}]"}}, {"model": "admin.logentry", "pk": 2, "fields": {"action_time": "2020-05-20T18:49:54.896Z", "user": "", "content_type": 10, "object_id": "abcdefgh", "object_repr": "piyush@gmail.com", "action_flag": 2, "change_message": "[{\"changed\": {\"fields\": [\"email\"]}}]"}}, {"model": "admin.logentry", "pk": 3, "fields": {"action_time": "2020-05-20T18:54:16.436Z", "user": "", "content_type": 23, "object_id": "kdfvkdfnbl", "object_repr": "kdfvkdfnbl", "action_flag": 1, "change_message": "[{\"added\": {}}]"}}, {"model": "admin.logentry", "pk": 4, "fields": {"action_time": "2020-05-20T18:57:30.804Z", "user": "", "content_type": 10, "object_id": "abcdefgh", "object_repr": "piyush@gmail.com", "action_flag": 2, "change_message": "[{\"changed\": {\"fields\": [\"is_staff\"]}}]"}}, {"model": "admin.logentry", "pk": 5, "fields": {"action_time": "2020-05-20T19:07:29.750Z", "user": "", "content_type": 10, "object_id": "abcdefgh", "object_repr": "piyush@gmail.com", "action_flag": 2, "change_message": "[{\"changed\": {\"fields\": [\"password\"]}}]"}}, {"model": "admin.logentry", "pk": 6, "fields": {"action_time": "2020-05-21T15:21:42.445Z", "user": "abcdefgh", "content_type": 10, "object_id": "abwer", "object_repr": "abcd@gmail.com", "action_flag": 1, "change_message": "[{\"added\": {}}]"}}, {"model": "admin.logentry", "pk": 7, "fields": {"action_time": "2020-05-21T15:23:55.062Z", "user": "abcdefgh", "content_type": 11, "object_id": "1", "object_repr": "User #abcdefgh follows #abwer", "action_flag": 3, "change_message": ""}}, {"model": "admin.logentry", "pk": 8, "fields": {"action_time": "2020-05-21T15:28:35.211Z", "user": "abcdefgh", "content_type": 11, "object_id": "2", "object_repr": "User #abcdefgh follows #abwer", "action_flag": 3, "change_message": ""}}, {"model": "admin.logentry", "pk": 9, "fields": {"action_time": "2020-05-21T15:30:26.406Z", "user": "abcdefgh", "content_type": 11, "object_id": "3", "object_repr": "User #abcdefgh follows #abwer", "action_flag": 3, "change_message": ""}}, {"model": "admin.logentry", "pk": 10, "fields": {"action_time": "2020-05-21T15:39:27.488Z", "user": "abcdefgh", "content_type": 11, "object_id": "4", "object_repr": "User #abcdefgh follows #abwer", "action_flag": 3, "change_message": ""}}, {"model": "admin.logentry", "pk": 11, "fields": {"action_time": "2020-05-21T15:46:52.852Z", "user": "abcdefgh", "content_type": 11, "object_id": "5", "object_repr": "User #abcdefgh follows #abwer", "action_flag": 3, "change_message": ""}}, {"model": "admin.logentry", "pk": 12, "fields": {"action_time": "2020-05-21T15:49:15.236Z", "user": "abcdefgh", "content_type": 11, "object_id": "6", "object_repr": "User #abcdefgh follows #abwer", "action_flag": 3, "change_message": ""}}, {"model": "admin.logentry", "pk": 13, "fields": {"action_time": "2020-05-21T15:51:52.023Z", "user": "abcdefgh", "content_type": 11, "object_id": "7", "object_repr": "User #abcdefgh follows #abwer", "action_flag": 3, "change_message": ""}}, {"model": "admin.logentry", "pk": 14, "fields": {"action_time": "2020-05-21T15:53:27.002Z", "user": "abcdefgh", "content_type": 11, "object_id": "8", "object_repr": "User #abcdefgh follows #abwer", "action_flag": 3, "change_message": ""}}, {"model": "admin.logentry", "pk": 15, "fields": {"action_time": "2020-05-21T15:54:32.436Z", "user": "abcdefgh", "content_type": 11, "object_id": "9", "object_repr": "User #abcdefgh follows #abwer", "action_flag": 3, "change_message": ""}}, {"model": "admin.logentry", "pk": 16, "fields": {"action_time": "2020-05-21T15:55:43.953Z", "user": "abcdefgh", "content_type": 11, "object_id": "10", "object_repr": "User #abcdefgh follows #abwer", "action_flag": 3, "change_message": ""}}, {"model": "admin.logentry", "pk": 17, "fields": {"action_time": "2020-05-21T18:06:34.163Z", "user": "abcdefgh", "content_type": 23, "object_id": "ndksjfnj", "object_repr": "ndksjfnj", "action_flag": 1, "change_message": "[{\"added\": {}}]"}}, {"model": "admin.logentry", "pk": 18, "fields": {"action_time": "2020-05-21T18:15:14.422Z", "user": "abcdefgh", "content_type": 23, "object_id": "asxdasndksjfnj", "object_repr": "asxdasndksjfnj", "action_flag": 2, "change_message": "[{\"changed\": {\"fields\": [\"post_id\", \"description\"]}}]"}}, {"model": "admin.logentry", "pk": 19, "fields": {"action_time": "2020-05-21T18:18:12.727Z", "user": "abcdefgh", "content_type": 23, "object_id": "eklekr", "object_repr": "eklekr", "action_flag": 1, "change_message": "[{\"added\": {}}]"}}, {"model": "admin.logentry", "pk": 20, "fields": {"action_time": "2020-05-22T08:59:19.667Z", "user": "abcdefgh", "content_type": 20, "object_id": "kjnkkn", "object_repr": "kjnkkn", "action_flag": 1, "change_message": "[{\"added\": {}}]"}}, {"model": "admin.logentry", "pk": 21, "fields": {"action_time": "2020-05-22T12:35:55.907Z", "user": "abcdefgh", "content_type": 23, "object_id": "nkjnkjnkjn", "object_repr": "nkjnkjnkjn", "action_flag": 1, "change_message": "[{\"added\": {}}]"}}, {"model": "admin.logentry", "pk": 22, "fields": {"action_time": "2020-05-22T12:38:30.125Z", "user": "abcdefgh", "content_type": 23, "object_id": "snvksf", "object_repr": "snvksf", "action_flag": 1, "change_message": "[{\"added\": {}}]"}}, {"model": "admin.logentry", "pk": 23, "fields": {"action_time": "2020-05-22T12:39:28.995Z", "user": "abcdefgh", "content_type": 23, "object_id": "mdfvdf", "object_repr": "mdfvdf", "action_flag": 1, "change_message": "[{\"added\": {}}]"}}, {"model": "admin.logentry", "pk": 24, "fields": {"action_time": "2020-05-22T12:40:03.116Z", "user": "abcdefgh", "content_type": 23, "object_id": "dfvdf", "object_repr": "dfvdf", "action_flag": 1, "change_message": "[{\"added\": {}}]"}}, {"model": "admin.logentry", "pk": 25, "fields": {"action_time": "2020-05-27T12:00:52.464Z", "user": "abcdefgh", "content_type": 20, "object_id": "uihihi", "object_repr": "uihihi", "action_flag": 1, "change_message": "[{\"added\": {}}]"}}, {"model": "admin.logentry", "pk": 26, "fields": {"action_time": "2020-05-27T18:07:50.019Z", "user": "abcdefgh", "content_type": 11, "object_id": "12", "object_repr": "User #vCT9zXc7umUcXIZOh6fVuS0bIrH3 follows #abwer", "action_flag": 1, "change_message": "[{\"added\": {}}]"}}, {"model": "admin.logentry", "pk": 27, "fields": {"action_time": "2020-05-27T18:13:53.455Z", "user": "abcdefgh", "content_type": 23, "object_id": "nsdkndkfjn", "object_repr": "nsdkndkfjn", "action_flag": 1, "change_message": "[{\"added\": {}}]"}}, {"model": "admin.logentry", "pk": 28, "fields": {"action_time": "2020-05-27T18:16:47.844Z", "user": "abcdefgh", "content_type": 23, "object_id": "njnjkjknk", "object_repr": "njnjkjknk", "action_flag": 1, "change_message": "[{\"added\": {}}]"}}, {"model": "admin.logentry", "pk": 29, "fields": {"action_time": "2020-05-27T18:19:47.726Z", "user": "abcdefgh", "content_type": 11, "object_id": "12", "object_repr": "User #vCT9zXc7umUcXIZOh6fVuS0bIrH3 follows #abwer", "action_flag": 3, "change_message": ""}}, {"model": "admin.logentry", "pk": 30, "fields": {"action_time": "2020-05-27T18:20:10.932Z", "user": "abcdefgh", "content_type": 11, "object_id": "13", "object_repr": "User #vCT9zXc7umUcXIZOh6fVuS0bIrH3 follows #abwer", "action_flag": 1, "change_message": "[{\"added\": {}}]"}}, {"model": "admin.logentry", "pk": 31, "fields": {"action_time": "2020-05-27T18:27:12.857Z", "user": "abcdefgh", "content_type": 10, "object_id": "xyzus", "object_repr": "piyush@gmail.com", "action_flag": 2, "change_message": "[{\"changed\": {\"fields\": [\"username\", \"user_id\"]}}]"}}, {"model": "admin.logentry", "pk": 32, "fields": {"action_time": "2020-05-27T18:56:06.278Z", "user": "abcdefgh", "content_type": 11, "object_id": "13", "object_repr": "User #vCT9zXc7umUcXIZOh6fVuS0bIrH3 follows #abwer", "action_flag": 3, "change_message": ""}}, {"model": "admin.logentry", "pk": 33, "fields": {"action_time": "2020-05-27T18:57:06.942Z", "user": "abcdefgh", "content_type": 23, "object_id": "kjnkjjnk", "object_repr": "kjnkjjnk", "action_flag": 1, "change_message": "[{\"added\": {}}]"}}, {"model": "admin.logentry", "pk": 34, "fields": {"action_time": "2020-05-27T19:33:45.046Z", "user": "abcdefgh", "content_type": 10, "object_id": "abwer", "object_repr": "abcd@gmail.com", "action_flag": 2, "change_message": "[{\"changed\": {\"fields\": [\"first_name\", \"last_name\"]}}]"}}, {"model": "admin.logentry", "pk": 35, "fields": {"action_time": "2020-05-28T13:20:41.806Z", "user": "abcdefgh", "content_type": 23, "object_id": "hullo", "object_repr": "hullo", "action_flag": 1, "change_message": "[{\"added\": {}}]"}}, {"model": "admin.logentry", "pk": 36, "fields": {"action_time": "2020-06-24T12:05:04.989Z", "user": "abcdefgh", "content_type": 20, "object_id": "kjnkkn", "object_repr": "kjnkkn", "action_flag": 2, "change_message": "[{\"changed\": {\"fields\": [\"text\"]}}]"}}, {"model": "admin.logentry", "pk": 37, "fields": {"action_time": "2020-06-24T18:39:15.512Z", "user": "abcdefgh", "content_type": 20, "object_id": "bfgfgbfbfgb", "object_repr": "bfgfgbfbfgb", "action_flag": 1, "change_message": "[{\"added\": {}}]"}}, {"model": "admin.logentry", "pk": 38, "fields": {"action_time": "2020-06-24T18:39:52.258Z", "user": "abcdefgh", "content_type": 20, "object_id": "dfgdfgdfgdfgvb", "object_repr": "dfgdfgdfgdfgvb", "action_flag": 1, "change_message": "[{\"added\": {}}]"}}, {"model": "admin.logentry", "pk": 39, "fields": {"action_time": "2020-06-26T19:31:33.584Z", "user": "abcdefgh", "content_type": 12, "object_id": "1", "object_repr": "User #vCT9zXc7umUcXIZOh6fVuS0bIrH3 is friends with #abwer", "action_flag": 1, "change_message": "[{\"added\": {}}]"}}, {"model": "admin.logentry", "pk": 40, "fields": {"action_time": "2020-06-26T19:33:44.297Z", "user": "abcdefgh", "content_type": 12, "object_id": "2", "object_repr": "User #vCT9zXc7umUcXIZOh6fVuS0bIrH3 is friends with #abwer", "action_flag": 1, "change_message": "[{\"added\": {}}]"}}, {"model": "admin.logentry", "pk": 41, "fields": {"action_time": "2020-06-30T10:50:37.626Z", "user": "abcdefgh", "content_type": 11, "object_id": "18", "object_repr": "User #vCT9zXc7umUcXIZOh6fVuS0bIrH3 follows #abwer", "action_flag": 3, "change_message": ""}}, {"model": "admin.logentry", "pk": 42, "fields": {"action_time": "2020-06-30T10:51:39.239Z", "user": "abcdefgh", "content_type": 11, "object_id": "19", "object_repr": "User #vCT9zXc7umUcXIZOh6fVuS0bIrH3 follows #abwer", "action_flag": 3, "change_message": ""}}, {"model": "admin.logentry", "pk": 43, "fields": {"action_time": "2020-06-30T10:52:36.350Z", "user": "abcdefgh", "content_type": 11, "object_id": "20", "object_repr": "User #vCT9zXc7umUcXIZOh6fVuS0bIrH3 follows #abwer", "action_flag": 3, "change_message": ""}}, {"model": "admin.logentry", "pk": 44, "fields": {"action_time": "2020-06-30T11:00:29.158Z", "user": "abcdefgh", "content_type": 11, "object_id": "21", "object_repr": "User #vCT9zXc7umUcXIZOh6fVuS0bIrH3 follows #abwer", "action_flag": 3, "change_message": ""}}, {"model": "admin.logentry", "pk": 45, "fields": {"action_time": "2020-06-30T11:01:59.666Z", "user": "abcdefgh", "content_type": 11, "object_id": "22", "object_repr": "User #vCT9zXc7umUcXIZOh6fVuS0bIrH3 follows #abwer", "action_flag": 3, "change_message": ""}}, {"model": "admin.logentry", "pk": 46, "fields": {"action_time": "2020-06-30T11:04:37.383Z", "user": "abcdefgh", "content_type": 11, "object_id": "23", "object_repr": "User #vCT9zXc7umUcXIZOh6fVuS0bIrH3 follows #abwer", "action_flag": 3, "change_message": ""}}, {"model": "admin.logentry", "pk": 47, "fields": {"action_time": "2020-06-30T11:23:01.999Z", "user": "abcdefgh", "content_type": 11, "object_id": "24", "object_repr": "User #vCT9zXc7umUcXIZOh6fVuS0bIrH3 follows #abwer", "action_flag": 3, "change_message": ""}}, {"model": "admin.logentry", "pk": 48, "fields": {"action_time": "2020-06-30T11:46:18.685Z", "user": "abcdefgh", "content_type": 11, "object_id": "25", "object_repr": "User #vCT9zXc7umUcXIZOh6fVuS0bIrH3 follows #abwer", "action_flag": 3, "change_message": ""}}, {"model": "admin.logentry", "pk": 49, "fields": {"action_time": "2020-06-30T11:49:29.399Z", "user": "abcdefgh", "content_type": 11, "object_id": "26", "object_repr": "User #vCT9zXc7umUcXIZOh6fVuS0bIrH3 follows #abwer", "action_flag": 3, "change_message": ""}}]